COINTRIG_cut,COINTRIG_scaler,COIN_PS,CPULT_TLT_HMS,CPULT_TLT_SHMS,CPULT_phys,CPULT_scaler,CPULT_scaler_uncern,CoinBlocking_Corr,CoinBlocking_Inside,CoinBlocking_Total,ELT2_HMS,ELT2_SHMS,HMS3of4ELT,HMS3of4ELT_err,HMSTRIG_cut,HMSTRIG_scaler,HMS_3-4Trig_scaler,HMS_PS,HMS_eLT_scaler,HMS_eLT_scaler_uncern,HMS_scaler_accp,HMS_track,HMS_track_uncern,PS1,PS2,PS3,PS4,PS5,PS6,SHMS3of4ELT,SHMS3of4ELT_err,SHMSTRIG_cut,SHMSTRIG_scaler,SHMS_3-4Trig_scaler,SHMS_PS,SHMS_eLT_scaler,SHMS_eLT_scaler_uncern,SHMS_scaler_accp,SHMS_track,SHMS_track_uncern,TLT,TLT_ELT,TLT_ELT_HMS,TLT_ELT_SHMS,Uncer_CoinBlocking_Corr,accp_edtm,boilingCorr,c_int_Track_Rand_events,c_int_Track_events,c_int_noTrack_Rand_events,c_int_noTrack_events,charge,curr_corr,current,hTLT,h_int_etotnorm_evts,h_int_etottracknorm_evts,haccp_edtm,min_yield_COIN_notrack,min_yield_COIN_scaler,min_yield_COIN_track,min_yield_HMS_CPULT_notrack,min_yield_HMS_CPULT_track,min_yield_HMS_notrack,min_yield_HMS_scaler,min_yield_HMS_track,min_yield_SHMS_CPULT_notrack,min_yield_SHMS_CPULT_track,min_yield_SHMS_notrack,min_yield_SHMS_scaler,min_yield_SHMS_track,pTLT,p_int_etotnorm_evts,p_int_etottracknorm_evts,paccp_edtm,rateCOINCorr,rateCOINCorrUncer,rateHMSCorr,rateSHMSCorr,rate_COIN,rate_HMS,rate_HMS3-4,rate_SHMS,rate_SHMS3-4,rate_TOTAL,run number,sent_edtm,sent_edtm_HMS,sent_edtm_PS,sent_edtm_SHMS,time,tot_events,uncer_boilingCorr,uncer_rateHMSCorr,uncer_rateSHMSCorr,uncern_COIN_evts_notrack,uncern_COIN_evts_scaler,uncern_COIN_evts_track,uncern_CPULT_phys,uncern_ELT2_HMS,uncern_HMS3-4_evts_scaler,uncern_HMS_evts_notrack,uncern_HMS_evts_scaler,uncern_HMS_evts_track,uncern_SHMS3-4_evts_scaler,uncern_SHMS_evts_notrack,uncern_SHMS_evts_scaler,uncern_SHMS_evts_track,uncern_TLT,uncern_TLT_ELT,uncern_TLT_ELT_HMS,uncern_TLT_ELT_SHMS,uncern_charge,uncern_yieldRel_COIN_notrack,uncern_yieldRel_COIN_scaler,uncern_yieldRel_COIN_track,uncern_yieldRel_HMS_CPULT_notrack,uncern_yieldRel_HMS_CPULT_track,uncern_yieldRel_HMS_notrack,uncern_yieldRel_HMS_scaler,uncern_yieldRel_HMS_track,uncern_yieldRel_SHMS_CPULT_notrack,uncern_yieldRel_SHMS_CPULT_track,uncern_yieldRel_SHMS_notrack,uncern_yieldRel_SHMS_scaler,uncern_yieldRel_SHMS_track,yieldRel_COIN_notrack,yieldRel_COIN_scaler,yieldRel_COIN_track,yieldRel_HMS_CPULT_notrack,yieldRel_HMS_CPULT_track,yieldRel_HMS_notrack,yieldRel_HMS_scaler,yieldRel_HMS_track,yieldRel_SHMS_CPULT_notrack,yieldRel_SHMS_CPULT_track,yieldRel_SHMS_notrack,yieldRel_SHMS_scaler,yieldRel_SHMS_track,yield_COIN_notrack,yield_COIN_scaler,yield_COIN_track,yield_HMS_CPULT_notrack,yield_HMS_CPULT_track,yield_HMS_notrack,yield_HMS_scaler,yield_HMS_track,yield_SHMS_CPULT_notrack,yield_SHMS_CPULT_track,yield_SHMS_notrack,yield_SHMS_scaler,yield_SHMS_track
1931117,1054527,1,0.9223111683388765,0.9356560729268404,0.976036195647368,0.976036195647368,8.77727111134795e-05,0.969463230500319,792574,817539,0.9990005015240534,0.9639304409452463,0.999633159517034,4.29267532639515e-20,48396,21072617,39617739,17,0.960512556956435,0.00156264882068,21061061,0.9973,0.0001,1025,,,17,1,,0.985375774220543,1.8129016461389502e-20,,760461393,760461393,1025,0.960512556956435,0.00156264882068,760449837,0.9938,0.0004,0.8998788508134302,0.9063702349478122,0.9756781460579644,0.9617624219532986,0.00019029307177076158,10399,0.9807598833087183,48094,30375,110595,63358,79650.8953982863,1.00036395557269,68.68970246886325,6.032969885773624,1434741,1434741,4101,0.6367632128445122,4.878381447133018,0.3275898502155109,188.0759123156337,188.47170289170626,190.3416249364712,269.1315385045329,190.74218352186713,653.1418609667145,587.8771138311531,665.0020175529307,10077.060202180926,598.5521525021863,229.0195569401177,131379,117760,2582,0.9724467623526606,0.004142352547482701,0.999633159517034,0.985375774220543,909.4078040576729,18172.699562664955,34165.726459085476,655810.1646318862,655810.1646318862,674892.2719986087,12218,11556,679.7647058823529,11556,11.274146341463414,1159.57549,2974583,1.1336826515365658e-05,4.29267532639515e-20,1.8129016461389502e-20,2.2924840949121933e-05,0.0009738030895345148,5.505868848165463e-05,8.77727111134795e-05,2.0009969452903975e-05,0.00015887485116921338,0.0008348592154831121,0.00021784157238559143,0.0008348592154831121,3.626280667225258e-05,0.0027589067647365104,3.626280667225258e-05,0.0029140775257509802,0.008824805957671537,1.8191844313066245e-05,8.086995082643137e-09,8.086995082643137e-09,109.78799996042649,0.0056061181469487685,0.001378364918705148,0.0056214426530884634,0.0009226319265965916,0.0010226319265965915,0.005667940594892048,0.003644800641189972,0.005668822680876975,0.004225044394554829,0.004625044394554829,0.006248209920773869,0.003639469110247514,0.0062610004962511375,0.9960885049705519,2.683167470759282,0.9722693068072323,1.6675337494530444,1.6685369784209296,1.8098016438078555,1.0027620764305407,1.8108904646103061,2.6511095675109946,2.656571417577667,2.9014022793569185,1.0166647150964274,2.907379785691305,0.6342725167025355,13.089514408902904,0.31850555658611984,313.6229312454907,314.47200566077476,344.48058569508385,269.8749003837514,345.41320133869823,1731.5506365507927,1561.737537651894,1929.4383695050228,10244.99153945982,1740.218428866876
1942926,1064160,1,0.9159744351548783,0.9291796942607453,0.978123093885914,0.978123093885914,8.35098758153164e-05,0.969564774208267,798997,824078,0.9990017254078768,0.9640059892545614,0.999635398990634,4.22074159388499e-20,47967,21321008,40086066,17,0.960603398414967,0.00155658915316,21309302,0.9974,0.0001,1025,,,17,1,,0.985428841812724,1.76792763525207e-20,,768755007,768755007,1025,0.960603398414967,0.00155658915316,768743301,0.9931,0.0004,0.8956090893558859,0.9085531892183534,0.977766469218599,0.9638707075582746,0.00018923110185993197,10484,0.9808065884533727,48666,30707,111273,63819,80492.6321724021,1.00036484154335,68.52289838081208,6.022467110883308,1448358,1448358,4147,0.6367632128445122,4.878381447133018,0.3275898502155109,188.0759123156337,188.47170289170626,190.3416249364712,269.1315385045329,190.74218352186713,653.1418609667145,587.8771138311531,665.0020175529307,10077.060202180926,598.5521525021863,228.27396207073298,132261,118686,2607,0.9725526457986494,0.004126434034825789,0.999635398990634,0.985428841812724,905.9130702142237,18150.4471295125,34125.02924641971,654436.5590079753,654436.5590079753,673492.919207702,12219,11706,688.5882352941177,11706,11.420487804878048,1174.682246,3004161,1.1281853308303402e-05,4.22074159388499e-20,1.76792763525207e-20,2.2794330600788e-05,0.0009693855345213105,5.438308021438014e-05,8.35098758153164e-05,1.9985442802225895e-05,0.00015794405415034114,0.0008309254075024078,0.00021656892133207535,0.0008309254075024078,3.6066667932705554e-05,0.0027496923094602783,3.6066667932705554e-05,0.002902687303701163,0.00874725121505699,1.804749790645854e-05,7.28934742254024e-09,7.28934742254024e-09,110.94822116156146,0.005588312901935444,0.0013783649281583026,0.005603706305501804,0.0009144352833177242,0.0010144352833177243,0.005649750270832424,0.0036371753737055898,0.005650635196397928,0.004211567113433596,0.004611567113433596,0.006228165772251328,0.003631806422067934,0.006240997427226114,0.9908726107067377,2.679247403579196,0.9704887423988345,1.6622012503077734,1.6630345174274384,1.7681787421687194,1.0039193876173371,1.7690651361641918,2.6353608262260986,2.6456705400816083,2.8830963376870047,1.01682113861595,2.8943752100006632,0.6309512271132519,13.07039082590006,0.31792226175827376,312.6200166038215,313.43494746723627,336.5580149625198,270.18636932398243,337.43534686436715,1721.2644743600922,1555.329161251284,1917.264881361324,10246.567828683084,1732.4345120948647
1164141,640770,1,0.9197957657446089,0.9331018716262333,0.977012671560313,0.977012671560313,0.0001103021469,0.969303555080404,479624,494813,0.9990007033871992,0.9639535595726826,0.999632603535678,1.1761995364316501e-19,28513,12818982,24111196,17,0.960521298954279,0.001769396865585,12811950,0.9973,0.0001,1025,,,17,1,,0.985377764198374,4.8967815180316705e-20,,462403920,462403920,1025,0.960521298954279,0.001769396865585,462396888,0.9934,0.0005,0.8983219567690558,0.9071631112920119,0.9766537205591839,0.9627265618955815,0.00024521859101306386,6317,0.9807711539070215,29036,18618,66923,38588,48434.952271833,1.00036416897556,68.64945033206595,5.959186575654153,870422,870422,2465,0.6367632128445122,4.878381447133018,0.3275898502155109,188.0759123156337,188.47170289170626,190.3416249364712,269.1315385045329,190.74218352186713,653.1418609667145,587.8771138311531,665.0020175529307,10077.060202180926,598.5521525021863,227.5348407281001,80048,71683,1561,0.972483428564797,0.004136840150747567,0.999632603535678,0.985377764198374,908.1976181663155,18169.02932365259,34174.088640762195,655389.8259512266,655389.8259512266,674467.0528930455,12220,7032,413.6470588235294,7032,6.860487804878049,705.540278,1803522,1.132354848842366e-05,1.1761995364316501e-19,4.8967815180316705e-20,3.7972870273492e-05,0.001249248724715631,9.198618274987592e-05,0.0001103021469,2.0005924108214256e-05,0.00020365291148675111,0.0010718526112948362,0.0002793014762299036,0.0010718526112948362,4.650388611963962e-05,0.003534473722819512,4.650388611963962e-05,0.00373501124487522,0.011303275543796643,1.8172349916747705e-05,1.274581287677889e-08,1.274581287677889e-08,66.7610505963227,0.005603194527358871,0.0013783651570812821,0.005626648744219283,0.0011821547581948363,0.0012821547581948363,0.0057047924529962475,0.00364716993658087,0.0057056688417540455,0.005023141026799415,0.005523141026799415,0.0066248240285101114,0.003638374385589063,0.00664366566051641,0.9994101080246262,2.6811245520374576,0.9848196645781974,1.6619899879779314,1.6629898816837243,1.8039916621599,1.0031358388829263,1.8050769875357104,2.653686599038597,2.6577377722332036,2.9045480162384245,1.0165704755117544,2.9089821596938332,0.636387591335042,13.079548272112357,0.32261692640846135,312.58028324839853,313.42653489260863,343.37470434736093,269.9754916475972,344.30432602763557,1733.2338037185007,1562.4232108604942,1931.530290877915,10244.041881491641,1741.1775332752027
2246595,746737,1,0.9285846672277879,0.9374426218399705,0.982755981358761,0.982755981358761,7.46242723805972e-05,0.975070008643042,564078,578500,0.9991919554908022,0.9706433094363773,0.999759054428896,4.4231389188159704e-20,35480,17713352,33228955,17,0.96804702657173,0.001462437544232,17701338,0.9975,0.0001,513,,,17,1,,0.990312267904652,1.8372007018500702e-20,,643535582,643535582,513,0.96804702657173,0.001462437544232,643523568,0.9938,0.0003,0.9123522557016813,0.9309405257874035,0.9825191906575766,0.9732353046962565,0.00020498745408370698,10961,0.9845855236410911,33305,24998,76111,51318,66343.9977575275,1.00045432488987,55.026701281817786,5.116697186615615,1120903,1120903,3616,0.6367632128445122,4.878381447133018,0.3275898502155109,188.0759123156337,188.47170289170626,190.3416249364712,269.1315385045329,190.74218352186713,653.1418609667145,587.8771138311531,665.0020175529307,10077.060202180926,598.5521525021863,194.45663392708505,134845,121331,4554,0.9812347880993647,0.0028211611395931686,0.999759054428896,0.990312267904652,619.3548056186978,14691.718349051369,27560.590897380815,533758.010247685,533758.010247685,549069.0834023551,12221,12014,706.7058823529412,12014,23.419103313840157,1205.669179,2990678,7.276686243632412e-06,4.4231389188159704e-20,1.8372007018500702e-20,3.627530077558665e-05,0.0011572206229742497,9.181549817303306e-05,7.46242723805972e-05,1.6173959463092197e-05,0.00017347690216451824,0.0009445304953839079,0.00023760174369389652,0.0009445304953839079,3.941973656735484e-05,0.0027232190482039307,3.941973656735484e-05,0.0028708738635051683,0.00871473029361517,8.316238117256623e-06,5.765922858040666e-09,5.765922858040666e-09,91.44633677929237,0.004182441663645458,0.001378366391388805,0.004194519629612582,0.0010191547677645052,0.0011191547677645052,0.004287768198784426,0.003038633959217751,0.004288934148073044,0.004176209711972462,0.004476209711972462,0.004990865681852956,0.0030304624812393897,0.004999874023842758,0.9972506061281551,2.269075655141235,0.9843277204477946,1.5532421818651818,1.5538650358729473,1.6201765432635544,1.00749958543288,1.6208262381179959,1.6236787018322663,1.6332738057280967,1.7265644897585408,1.0165913957343355,1.7367675956090953,0.6350124999693012,11.069416578182198,0.32245577050446833,292.1274404014195,292.8595893748566,308.38703592873986,271.1499134702301,309.15993576816027,1060.4925289267455,960.164291007457,1148.1688691246761,10244.252695834033,1039.5459827478708
2433399,806323,1,0.9302080069878526,0.9390768147236743,0.983507750114986,0.983507750114986,7.0224325789565e-05,0.975661018791266,610435,625663,0.999192111715129,0.9706527020265348,0.999759051195382,3.7629369304046804e-20,38217,19152477,35939469,17,0.96802607911789,0.001434667631217,19139484,0.9974,0.0001,513,,,17,1,,0.990317149672333,1.5709693152005202e-20,,695731650,695731650,513,0.96802607911789,0.001434667631217,695718657,0.9938,0.0003,0.9146463480335565,0.9322492951344383,0.9832707750982633,0.9739845917745221,0.0001948186089999056,11884,0.9845876578218753,36015,26783,82258,55177,71738.0630279915,1.00045438782982,55.01907920758854,5.195643808204418,1215702,1215702,3971,0.6367632128445122,4.878381447133018,0.3275898502155109,188.0759123156337,188.47170289170626,190.3416249364712,269.1315385045329,190.74218352186713,653.1418609667145,587.8771138311531,665.0020175529307,10077.060202180926,598.5521525021863,196.38743939044102,146584,131483,4974,0.9812635770776845,0.002816833005846826,0.999759051195382,0.990317149672333,618.4046116019376,14688.877906744623,27563.561213217134,533587.2358811856,533587.2358811856,548894.5183995322,12222,12993,764.2941176470588,12993,25.327485380116958,1303.876111,3239447,7.274671424767339e-06,3.7629369304046804e-20,1.5709693152005202e-20,3.343860951797299e-05,0.0011136416778942094,8.39757107172957e-05,7.0224325789565e-05,1.6170829921470088e-05,0.00016680696166779775,0.0009069564514464078,0.00022850069495812913,0.0009069564514464078,3.791221160625947e-05,0.002611901024282993,3.791221160625947e-05,0.002757815433294446,0.00839048699768041,8.285418164758514e-06,5.098231870518818e-09,5.098231870518818e-09,98.88133307236592,0.004178514499437964,0.0013783663636671233,0.0041906040245764135,0.0009771807772359729,0.001077180777235973,0.004275810265532507,0.003037604207363279,0.004276979474679902,0.004060491713738989,0.004360491713738989,0.004927677990967291,0.0030300056186376703,0.004936801634931612,0.9885411485903377,2.2658501386121457,0.9714575065990084,1.556747400721095,1.5575278034685995,1.6227935645027312,1.0074417912213705,1.6236070764159565,1.6310665762090701,1.6355984785088782,1.7332981766780415,1.0163898093390293,1.738114128465489,0.6294666378053878,11.053681278189268,0.31823961907750287,292.7866876356114,293.54991742090573,308.885164003898,271.1343592251699,309.69035893713453,1065.3178589457996,961.5309129324246,1152.6467845117138,10242.221297592592,1040.3519528874801
848270,276828,1,0.9362701450067705,0.9451949101361997,0.984694612686888,0.984694612686888,0.000114905178676,0.975469874142514,209886,215164,0.9992203849264308,0.9706630704326007,0.999763483236313,2.99873007766472e-19,13195,6541620,12288542,17,0.968043807457818,0.001859668770933,6537021,0.9975,0.0001,513,,,17,1,,0.990323468084752,1.2542253921912e-19,,246161281,246161281,513,0.968043807457818,0.001859668770933,246156682,0.9935,0.0005,0.9217221135029354,0.9337361811924981,0.9844617159038752,0.9751661838404505,0.0003334817057498857,4239,0.9845938849531587,12296,9322,28253,19114,25380.8116857633,1.00045457157627,54.99683945300476,5.1639486844966305,417725,417725,1397,0.6367632128445122,4.878381447133018,0.3275898502155109,188.0759123156337,188.47170289170626,190.3416249364712,269.1315385045329,190.74218352186713,653.1418609667145,587.8771138311531,665.0020175529307,10077.060202180926,598.5521525021863,197.43639921722112,51255,46035,1770,0.9818257623883196,0.0027323140907388023,0.999763483236313,0.990323468084752,599.8494161885405,14174.819519439076,26627.634287385525,533398.7194072611,533398.7194072611,548173.3883428887,12223,4599,270.52941176470586,4599,8.964912280701755,461.495823,1128517,7.268794163282777e-06,2.99873007766472e-19,1.2542253921912e-19,9.796716161413553e-05,0.0019006186760478483,0.00025182613360235685,0.000114905178676,1.560446694903172e-05,0.00028526587417265705,0.0015472296030682353,0.0003909825220604718,0.0015472296030682353,6.373678137231391e-05,0.0044170455826106885,6.373678137231391e-05,0.004660751266455191,0.014158322957529392,7.87497279252691e-06,1.3616832054331965e-08,1.3616832054331965e-08,34.98408739481146,0.0041283972771139765,0.0013783675568921564,0.004160167812827506,0.0016621347817442353,0.0017621347817442354,0.0044088074943533645,0.0030531626417658005,0.004409941442045051,0.005910318318161746,0.006410318318161746,0.0060459867479606775,0.003030834350886713,0.00606662639005536,0.9690721674167649,2.197635958508446,0.9596177396714235,1.5100863090099295,1.5106918574045203,1.5985423445399431,0.9725159137613718,1.599183364026475,1.6100584475052393,1.6171363749855199,1.710288468837863,1.0164176183756808,1.7178070143736177,0.6170695068024943,10.72090648753999,0.31436103160310874,284.01086024239044,284.7226669096646,304.26914738948915,261.7347040907396,305.03172670625474,1051.5965706687512,950.6774647978608,1137.3452823746916,10242.501530929094,1028.197086036683
1567438,512688,1,0.9272281082800202,0.9357082729027096,0.981555924550372,0.981555924550372,9.24091037484574e-05,0.975541926479815,380954,390505,0.9992097782193373,0.9712377585318043,0.999769216659597,8.879446951648891e-20,24857,12385700,23262907,17,0.968781144617872,0.001579753348178,12377108,0.9976,0.0001,513,,,17,1,,0.990708478620304,3.62828851296403e-20,,450810776,450810776,513,0.968781144617872,0.001579753348178,450802184,0.9942,0.0003,0.9099162011173184,0.9313430391010283,0.9813293977953118,0.972435776692045,0.0002471842489025346,7818,0.9849096272184206,22599,17238,51959,35667,46438.125779468,1.00046408718404,53.86918850564089,5.128491620111731,777264,777264,2592,0.6367632128445122,4.878381447133018,0.3275898502155109,188.0759123156337,188.47170289170626,190.3416249364712,269.1315385045329,190.74218352186713,653.1418609667145,587.8771138311531,665.0020175529307,10077.060202180926,598.5521525021863,194.88268156424581,93700,84070,3264,0.9819809096247095,0.00270898926197928,0.999769216659597,0.990708478620304,594.7287073500065,14367.668739320945,26985.454329559925,522949.8448762861,522949.8448762861,537912.242322957,12233,8592,505.4117647058824,8592,16.748538011695906,862.053561,2076534,6.973905114961737e-06,8.879446951648891e-20,3.62828851296403e-20,5.3872311470226484e-05,0.0013966044573307953,0.0001381123007162165,9.24091037484574e-05,1.5816934499398358e-05,0.00020733279758851846,0.0011342681134700635,0.0002841448059488632,0.0011342681134700635,4.709804232610643e-05,0.0032668576019240056,4.709804232610643e-05,0.003448891058029152,0.010291449799741212,7.683482962623803e-06,8.863381012157218e-09,8.863381012157218e-09,64.0087694267275,0.004069064146669043,0.0013783667698138052,0.004081468406918888,0.001226677217218521,0.001326677217218521,0.004224197815318322,0.0029924552650367263,0.004225381306218421,0.004737633475483576,0.005037633475483576,0.005218202911056043,0.002980697524930673,0.005226819455553613,0.9952193614841089,2.2241358414045194,0.9729109153870248,1.5406112378835692,1.5410745331636067,1.604345283482671,1.0060639347488338,1.604827744975298,1.613831546726266,1.618105612913186,1.7120083183920878,1.0160337882936976,1.7165423956197943,0.6337190781036852,10.850183024611392,0.31871574104467104,289.75186408867006,290.4489415483862,305.3736882172551,270.76353459287765,306.10834825306245,1054.0609397155847,951.2472575933929,1138.4889857981386,10238.63365208554,1027.4401457594875
1634039,414972,1,0.9481985171923959,0.9528590595591643,0.986867688642321,0.986867688642321,7.91329797964897e-05,0.981945601505911,308816,314494,0.9994234351506968,0.978856910554581,0.999876432090433,5.15852173403625e-20,29142,12697915,23777865,17,0.977195726681232,0.00133603202835,12685844,0.9977,0.0001,513,,,17,1,,0.99498592239066,2.1156163865612002e-20,,465642595,465642595,513,0.977195726681232,0.00133603202835,465630524,0.9945,0.0003,0.9356308507994366,0.9540655441158545,0.9867457434650162,0.9819194574613184,0.00023742642014381386,11294,0.9889961253355768,17236,17121,39810,34869,47572.742348677,1.00063654449229,39.27455237293969,5.676994449507084,735448,735448,4031,0.6367632128445122,4.878381447133018,0.3275898502155109,188.0759123156337,188.47170289170626,190.3416249364712,269.1315385045329,190.74218352186713,653.1418609667145,587.8771138311531,665.0020175529307,10077.060202180926,598.5521525021863,213.93770193024605,88139,78942,5034,0.9896202758507165,0.0015604872763874229,0.999876432090433,0.99498592239066,342.58776649559223,10482.997260058217,19630.25375780466,384419.8080985262,384419.8080985262,395245.39312508004,12234,12071,710.0588235294117,12071,23.530214424951268,1211.286685,2049864,3.708236015244177e-06,5.15852173403625e-20,2.1156163865612002e-20,0.0001043460431141647,0.0015523534208451576,0.001006180487440683,7.91329797964897e-05,1.1537949362100038e-05,0.00020507540197645756,0.001166068367958319,0.00028062980352911386,0.001166068367958319,4.634188013573366e-05,0.003368340138795442,4.634188013573366e-05,0.0035591470970689943,0.008804353518932153,2.5513634875191465e-06,6.429795784734722e-09,6.429795784734722e-09,65.5728586786927,0.00285648462127529,0.0013783703743275538,0.0028741170438979307,0.0012452013477548085,0.0013452013477548085,0.003085323294296116,0.002384748857837736,0.003086943444627102,0.00482584349291441,0.0051258434929144095,0.00441647140624659,0.00236992626518212,0.004426648809448715,0.9871589700743586,1.7349543131127283,0.9759364097096126,1.415057992395892,1.4153416564216306,1.4462865965807843,1.0019124530315433,1.4465765207256336,1.473616541089363,1.4744860650850826,1.5213818682028342,1.0077256309083058,1.522279576666447,0.6285865173728282,8.463768932712542,0.3197068622766355,266.1383228993864,266.75185215935295,275.28854091702505,269.6462399312298,275.92316419467284,962.4806499984394,866.8166123264722,1011.7220118233317,10154.911849943754,911.1637173238188
1602316,406787,1,0.9485953175165641,0.9532394673104185,0.987128081247245,0.987128081247245,7.90432087801881e-05,0.982729784391521,292027,297159,0.9994245380270163,0.9789007984893296,0.999877521297502,5.30844468480708e-20,28319,12486420,23382503,17,0.977268145887215,0.00133955552229,12474526,0.9977,0.0001,513,,,17,1,,0.995006152513837,2.1814363220316e-20,,457812165,457812165,513,0.977268145887215,0.00133955552229,457800271,0.9952,0.0003,0.9362703884311417,0.955150220230556,0.9870071790806545,0.9821985141601876,0.0002389854688021702,11136,0.9890202396655566,16961,16974,39097,34537,46767.2529017006,1.0006379433968,39.18842976586918,5.647133008239448,722485,722485,3951,0.6367632128445122,4.878381447133018,0.3275898502155109,188.0759123156337,188.47170289170626,190.3416249364712,269.1315385045329,190.74218352186713,653.1418609667145,587.8771138311531,665.0020175529307,10077.060202180926,598.5521525021863,213.88658146964855,86539,77667,4959,0.9896724566047007,0.0015526424241068195,0.999877521297502,0.995006152513837,340.8655157204872,10462.944963341026,19593.273491854063,383621.84564855264,383621.84564855264,394425.65612761414,12238,11894,699.6470588235294,11894,23.185185185185187,1193.394407,2011248,3.692001070997184e-06,5.30844468480708e-20,2.1814363220316e-20,0.00010935603437002232,0.0015678931665464185,0.003011164104333044,7.90432087801881e-05,1.1515866402875786e-05,0.00020680188861666392,0.001176482800922913,0.00028299647793548165,0.001176482800922913,4.6736516126465515e-05,0.003399335766700367,4.6736516126465515e-05,0.003588242079502251,0.008872658569423231,2.5268247436172958e-06,6.411831653864091e-09,6.411831653864091e-09,64.46259810908275,0.0028493386661380617,0.0013783704218169016,0.0028669927251130344,0.001255526009703101,0.001355526009703101,0.0030826681000728578,0.0023816224957841203,0.0030842896451544243,0.004856749397292068,0.005156749397292068,0.004435562477195842,0.0023665033744991707,0.00444569617597826,0.99542236678493,1.729756027971935,0.9838593251202282,1.4136836824692045,1.413967070999318,1.4436219482146928,1.0021636333137365,1.4439113382013047,1.4713953672115678,1.474227949934121,1.5176961127616337,1.0077521581064557,1.5206178290337475,0.6338483444112605,8.43840971492479,0.3223023289492692,265.87984830612027,266.4927817040396,274.7813474171389,269.71384046701843,275.41480146049804,961.0299083583657,866.6648723364888,1009.2709770187267,10155.179166116506,910.1690747013512
2653369,674263,1,0.9464284946320827,0.9510600493101434,0.986977199795477,0.986977199795477,6.17269411255042e-05,0.982690852940488,504030,512908,0.9994248160766652,0.9789078471082736,0.999877106902522,1.93973431660368e-20,46989,20713558,38797141,17,0.977283154066032,0.001179898865871,20693819,0.9977,0.0001,513,,,17,1,,0.995007818685317,7.919875404470701e-21,,759571877,759571877,513,0.977283154066032,0.001179898865871,759552138,0.9952,0.0002,0.9339885505851361,0.9549805390778365,0.986855907110254,0.9820500306606399,0.00018210696404075697,18436,0.9890239533372089,27930,27763,64050,56978,77592.8150173355,1.0006381593784,39.17516665282526,5.6040832868939665,1192660,1192660,6507,0.6367632128445122,4.878381447133018,0.3275898502155109,188.0759123156337,188.47170289170626,190.3416249364712,269.1315385045329,190.74218352186713,653.1418609667145,587.8771138311531,665.0020175529307,10077.060202180926,598.5521525021863,213.81280713308678,143181,128306,8227,0.9896858692071775,0.0015506259740348076,0.999877106902522,0.995007818685317,340.42282635231777,10457.889515178296,19587.95365252044,383493.68894048035,383493.68894048035,394292.0012820109,12239,19739,1161.1176470588234,19739,38.4775828460039,1980.663304,3326214,3.689504010844603e-06,1.93973431660368e-20,7.919875404470701e-21,6.847919317291349e-05,0.001217826263407474,0.0006558030109728611,6.17269411255042e-05,1.151029900563635e-05,0.0001605462398463071,0.0009156756660761308,0.00021972154675753628,0.0009156756660761308,3.628403370131179e-05,0.002642757441319973,3.628403370131179e-05,0.002791749950268988,0.006878891781196381,2.493071329707825e-06,3.911427383392195e-09,3.911427383392195e-09,106.9516217794672,0.002842970219953812,0.001378370171976159,0.0028518261892847385,0.000977402607201635,0.001077402607201635,0.0029867945354487874,0.0023744090605722656,0.0029884681020527454,0.004082854554420453,0.004282854554420453,0.0038815778447938995,0.0023652769580320364,0.003886726973327925,0.9915880049856578,1.7280298956388345,0.9687722309363954,1.4067816968521878,1.4070637018029453,1.4366094288914373,1.00201429999591,1.4368974131409893,1.4675386508217922,1.4681205622322848,1.5137473638581025,1.0077436153941812,1.5143475980414673,0.6314067638727476,8.429988982975695,0.31735995002540013,264.58175106441047,265.19169195590905,273.446573094252,269.67365016144186,274.0769500794347,958.5109254383268,863.0744788812855,1006.6450510310685,10155.093080690625,906.416014444236
2015413,191066,1,0.9696427984257888,0.9715289856075491,0.98975648726223,0.98975648726223,6.74902336431939e-05,0.988842543544456,133471,134977,0.9996387111139525,0.9866726332221679,0.999951234835883,6.41742377935631e-20,40692,7990637,14921115,9,0.985765934049721,0.001180424964817,7978514,0.9979,0.0001,257,,,9,1,,0.99800986692049,2.60639075664046e-20,,294761766,294761766,257,0.985765934049721,0.001180424964817,294749643,0.9958,0.0002,0.9596634496411779,0.972069803589057,0.9897082216246927,0.9877867401362698,0.000285901402741169,11634,0.9931259642501192,7003,10186,16070,20652,29833.2636631234,1.001019362685,24.5251276781458,3.3979213066072753,680150,680150,4577,0.6367632128445122,4.878381447133018,0.3275898502155109,188.0759123156337,188.47170289170626,190.3416249364712,269.1315385045329,190.74218352186713,653.1418609667145,587.8771138311531,665.0020175529307,10077.060202180926,598.5521525021863,128.97698589458057,84868,76111,6084,0.9952410857045632,0.0007154549678432489,0.999951234835883,0.99800986692049,157.07024541015343,6568.888837226154,12266.249331870253,242315.7595969467,242315.7595969467,249041.71867958302,12243,12123,1347.0,12123,47.17120622568093,1216.43663,2206694,1.4471037551910826e-06,6.41742377935631e-20,2.60639075664046e-20,0.00015539842905372644,0.0022877485784602485,0.0002751459264155584,6.74902336431939e-05,7.228389257652271e-06,0.0002588805134031975,0.0012125443960417576,0.00035376046740391175,0.0012125443960417576,5.8245774578175094e-05,0.003432638080944377,5.8245774578175094e-05,0.003624735205774148,0.008897574096743422,6.050270712907337e-07,4.649702315824318e-09,4.649702315824318e-09,41.12166566022374,0.0019879815702926436,0.0013783830735423464,0.0020006126526352364,0.0012800346296849515,0.0013800346296849516,0.002328590697425984,0.0018633953875613518,0.002330736929844042,0.004878511388077912,0.005078511388077913,0.003966746137392211,0.0018316634937589416,0.00397178485299947,0.9790698676491476,1.2282752878944092,0.9609830911682257,1.1011397315153142,1.1011397315153142,1.1078290326007678,0.9999722536445117,1.1078290326007678,1.1297906344167152,1.130447179547359,1.1399197022440262,1.001529939062719,1.1405821335892992,0.6234356745235226,5.991995376436052,0.3148083068954377,207.09785959173465,207.5336803204075,210.86597821702907,269.12407108519244,211.30972864718817,737.9135574656984,664.5640252508688,758.0489018406134,10092.477490221614,682.6978911654113
2426955,230062,1,0.9679446215737788,0.9698222472613789,0.989756692316744,0.989756692316744,6.1460374033405e-05,0.988577991711974,171283,173262,0.9996389811267777,0.9866916397904686,0.999951490315033,4.48138371950471e-20,49065,9640263,17990579,9,0.985746924705534,0.001127264730234,9625626,0.9979,0.0001,257,,,9,1,,0.998015532865231,1.78918882012248e-20,1.0,355372259,355372259,257,0.985746924705534,0.001127264730234,355357622,0.9953,0.0002,0.957983193277311,0.9718282153654991,0.9897086795314058,0.9877925526894238,0.0002552848503294204,14022,0.9931345057442318,8457,12342,19156,24974,35974.3050675955,1.0010206321882,24.494622342029185,3.3892191022750566,820712,820712,5512,0.6367632128445122,4.878381447133018,0.3275898502155109,188.0759123156337,188.47170289170626,190.3416249364712,269.1315385045329,190.74218352186713,653.1418609667145,587.8771138311531,665.0020175529307,10077.060202180926,598.5521525021863,127.78889116622258,102136,91544,7278,0.9952538966961361,0.0007135289639283133,0.999951490315033,0.998015532865231,156.64741249798314,6563.979513131437,12249.644224993928,241970.18562784427,241970.18562784427,248690.8125534737,12244,14637,1626.3333333333333,14637,56.95330739299611,1468.661348,2658863,1.4435097241817548e-06,4.48138371950471e-20,1.78918882012248e-20,0.00012591678817819267,0.0020848631562104068,0.0002264773525171435,6.1460374033405e-05,7.2229850983867816e-06,0.0002357639665909139,0.0011038361383095034,0.00032207391979464895,0.0011038361383095034,5.304668370630759e-05,0.003129036126219787,5.304668370630759e-05,0.0033051034503654734,0.008090346461276213,5.845318895012903e-07,3.855968735803711e-09,3.855968735803711e-09,49.586363904158155,0.0019819134188280153,0.0013783828155139435,0.001994593091390582,0.0011652965123429082,0.0012652965123429083,0.0022685755486523147,0.001856672478260354,0.0022707785052583068,0.0045688793157373465,0.004768879315737346,0.003703896310494345,0.0018303115140413555,0.0037092920994299737,0.9841776053939584,1.2262666131710651,0.9667518335916324,1.1018848875225633,1.1018848875225635,1.108854528310514,1.0004577678523794,1.108854528310514,1.127562335073707,1.1281284761322719,1.137938229036977,1.0013122268877548,1.1385095797583777,0.6266880940202755,5.982196294932365,0.31669808836185337,207.2380054876155,207.67412114201375,211.06117273678754,269.2547382709217,211.50533393805748,736.458161886015,663.2009125793769,756.7312181601988,10090.283591527752,681.4573596087366
1924113,183094,1,0.9672304696857554,0.9691189478260689,0.989610055740247,0.989610055740247,6.94907998461443e-05,0.989266173517754,132531,133969,0.9996380191160159,0.9866461633890289,0.999951122962146,7.086343487888461e-20,38883,7642222,14265936,9,0.985754898395898,0.001194106903302,7630651,0.9979,0.0001,257,,,9,1,,0.998002563560504,2.85790403607604e-20,,281929208,281929208,257,0.985754898395898,0.001194106903302,281917637,0.9956,0.0002,0.9571342148474635,0.9723170894674987,0.9895616865320919,0.9876333725540197,0.00028153455507765745,11075,0.9931132764708164,6558,9929,15344,20068,28530.5180261426,1.00101748274772,24.570441175655574,3.413793103448276,650986,650986,4389,0.6367632128445122,4.878381447133018,0.3275898502155109,188.0759123156337,188.47170289170626,190.3416249364712,269.1315385045329,190.74218352186713,653.1418609667145,587.8771138311531,665.0020175529307,10077.060202180926,598.5521525021863,128.82205513784461,80599,72270,5800,0.995222602573152,0.0007182337210143546,0.999951122962146,0.998002563560504,157.68029001412833,6581.470617892186,12285.803607999138,242797.0292903837,242797.0292903837,249536.18019829,12245,11571,1285.6666666666667,11571,45.023346303501945,1161.172395,2107109,1.4524506804143498e-06,7.086343487888461e-20,2.85790403607604e-20,0.00015602670684284654,0.0023370227691558608,0.00027406462422343284,6.94907998461443e-05,7.242239231841008e-06,0.0002647584709899968,0.0012394076590753161,0.0003617347034264772,0.0012394076590753161,5.9556609297183586e-05,0.003522371619390078,5.9556609297183586e-05,0.003719811841796572,0.009095339932568409,6.067461238598362e-07,4.9309025734575435e-09,4.9309025734575435e-09,39.32598366334356,0.0019897579635781946,0.0013783830924133645,0.0020023818876279327,0.0013088984589214605,0.0014088984589214605,0.0023441988181331637,0.0018663587745647034,0.002346330773556218,0.004970245511590489,0.005170245511590488,0.004045520804376985,0.001833239370806966,0.004050461526622244,0.9971642250469369,1.2311055495434327,0.984453784167921,1.1022130831894745,1.1022130831894748,1.108462861945049,1.0000583759635089,1.108462861945049,1.1221213827281546,1.1228049470329484,1.1317490291053844,1.0017173539250441,1.1324384582974392,0.6349574956744958,6.00580247235518,0.32249706769966213,207.2997311870879,207.7359767382382,210.98662232435197,269.14724931740375,211.4306266402966,732.9044481456098,660.0713316570705,752.6153877186512,10094.366081072047,677.8234767901896
1879349,178856,1,0.9680767592309851,0.9699690180542095,0.989674417530519,0.989674417530519,7.01757639926099e-05,0.989663081303385,125133,126440,0.9996379830150137,0.9866390874790145,0.999951036982818,7.41424387315847e-20,38006,7444375,13905382,9,0.985704745197728,0.001203956139998,7433104,0.9979,0.0001,257,,,9,1,,0.998000287899802,3.0115675583413105e-20,,274748554,274748554,257,0.985704745197728,0.001203956139998,274737283,0.9957,0.0002,0.9580338922899476,0.9727545459108099,0.9896259600850088,0.9876953536225268,0.00028444414022088695,10798,0.9931093877043353,6551,9607,15196,19501,27804.8370802829,1.0010169079401,24.584329627373634,3.3976577056161834,635596,635596,4255,0.6367632128445122,4.878381447133018,0.3275898502155109,188.0759123156337,188.47170289170626,190.3416249364712,269.1315385045329,190.74218352186713,653.1418609667145,587.8771138311531,665.0020175529307,10077.060202180926,598.5521525021863,128.283382131133,79033,70852,5626,0.9952086765421939,0.0007203273599018689,0.999951036982818,0.998000287899802,158.1399253352072,6582.126999749984,12294.78502950717,242925.6821997369,242925.6821997369,249665.9491248221,12246,11271,1252.3333333333333,11271,43.856031128404666,1130.998384,2058550,1.4540914711921925e-06,7.41424387315847e-20,3.0115675583413105e-20,0.00016491733249496553,0.0023645485909395024,0.00028984741526961246,7.01757639926099e-05,7.24296177490972e-06,0.0002681689786748412,0.001254323105364927,0.00036651004254138433,0.001254323105364927,6.0329856497886854e-05,0.0035570974743131282,6.0329856497886854e-05,0.00375685075878443,0.009219930948962257,6.115150221071932e-07,5.027934489821664e-09,5.027934489821664e-09,38.32571827920259,0.001991368006684359,0.0013783831270186846,0.002003979766151828,0.0013244988693575368,0.0014244988693575369,0.0023534810368105374,0.00186772952743331,0.0023556045913155294,0.005005656365261023,0.005205656365261023,0.0040765780968527125,0.00183373821613235,0.004081481223739646,0.9910580594388981,1.2342343256235229,0.9729377659890285,1.104171099305196,1.104171099305196,1.1100047964729323,0.999597762835901,1.1100047964729323,1.128963651830375,1.129317517592035,1.138219016824984,1.0016959259496252,1.1385757836160775,0.6310693140437603,6.021065835536525,0.31872453702935966,207.66798685438093,208.10500736985762,211.28011664793493,269.02328379771524,211.72473859899281,737.373420520269,663.899922840968,756.9179426057275,10094.15015007374,681.4969860702668
1623800,154713,1,0.9656236103288953,0.9675090015189105,0.989251206224773,0.989251206224773,7.69628015922978e-05,0.988768835787315,108991,110229,0.9996379428885851,0.9866481090035102,0.999951369786322,9.95021715012219e-20,32801,6443136,12027604,9,0.985751695234837,0.001246411406772,6433382,0.998,0.0001,257,,,9,1,,0.998002757938702,4.02238909358843e-20,,237609059,237609059,257,0.985751695234837,0.001246411406772,237599305,0.9959,0.0003,0.9551978675415215,0.9714648341420451,0.9892030987272331,0.9872754321065111,0.0003174035937907797,9317,0.9931153595245175,5725,8330,13026,16906,24041.6540749637,1.00101779091608,24.563001698151826,3.239594012712733,549689,549689,3511,0.6367632128445122,4.878381447133018,0.3275898502155109,188.0759123156337,188.47170289170626,190.3416249364712,269.1315385045329,190.74218352186713,653.1418609667145,587.8771138311531,665.0020175529307,10077.060202180926,598.5521525021863,122.15009226983801,68504,61366,4636,0.9952108563593034,0.0007199996462925904,0.999951369786322,0.998002757938702,158.06797942757197,6582.856571180498,12288.424771253756,242761.65448163202,242761.65448163202,249502.5790322401,12247,9754,1083.7777777777778,9754,37.95330739299611,978.775085,1779818,1.4515721566353338e-06,9.95021715012219e-20,4.02238909358843e-20,0.0001871656023366617,0.0025423573614107926,0.00033635765416105293,7.69628015922978e-05,7.243764884888072e-06,0.00028834368180693625,0.0013487811160553932,0.00039395929427016687,0.0013487811160553932,6.487367530255339e-05,0.0038206920480803163,6.487367530255339e-05,0.004036789393971789,0.009896384500397946,6.325001729471558e-07,6.052691793446231e-09,6.052691793446231e-09,33.13862034391047,0.0019959993796760003,0.0013783835439498755,0.0020210878776379055,0.001425743917647691,0.001525743917647691,0.002408988174020787,0.0018726371106727465,0.0024110628408591933,0.005276038393524536,0.005576038393524536,0.0043106497479856185,0.0018334789928366657,0.004321076399441287,0.9966421528292215,1.2347052330533983,0.9756666501989129,1.1048762795544518,1.1047655705084043,1.1117126787606126,1.0005695795878082,1.1116012847046244,1.1322147447323003,1.13147750642987,1.1425137272201598,1.0018701668658037,1.1417697827655606,0.6346250592918065,6.023363101605747,0.31961849179893115,207.80061427310665,208.21704836984634,211.60519773777222,269.2848303353005,212.02925625027274,739.4968453884082,665.169730844862,759.773933683325,10095.905986275755,683.40876113628
2218314,209611,1,0.9716305533618816,0.9735323652328102,0.98976017824465,0.98976017824465,6.43970748389725e-05,0.98873878177568,155231,156999,0.9996374356580546,0.9866303933619933,0.999951023388815,5.3577717005484904e-20,45046,8776034,16380827,9,0.985704933638972,0.001155670750638,8762767,0.9979,0.0001,257,,,9,1,,0.997997602224257,2.1728679062372702e-20,,323617380,323617380,257,0.985704933638972,0.001155670750638,323604113,0.9958,0.0002,0.9616341297957338,0.9719480877827165,0.9897117031452337,0.987778284665214,0.00026630850015065937,12758,0.9931056446218162,7560,11440,17509,23158,32746.9124461304,1.00101635527944,24.5976977792281,3.387804326524459,749428,749428,4994,0.6367632128445122,4.878381447133018,0.3275898502155109,188.0759123156337,188.47170289170626,190.3416249364712,269.1315385045329,190.74218352186713,653.1418609667145,587.8771138311531,665.0020175529307,10077.060202180926,598.5521525021863,128.47094294113214,93270,83757,6632,0.995229629246857,0.0007171773311956713,0.999951023388815,0.997997602224257,157.44837128335263,6592.078944460579,12304.385415957977,243083.75705466705,243083.75705466705,249833.28437041098,12248,13267,1474.111111111111,13267,51.62256809338521,1331.299894,2429400,1.4556716682568975e-06,5.3577717005484904e-20,2.1728679062372702e-20,0.00013324597049084057,0.002184202827921951,0.00023795072244325706,6.43970748389725e-05,7.253916850496838e-06,0.0002470768683744847,0.001155141116211096,0.00033755990146911086,0.001155141116211096,5.558838813599547e-05,0.0032743794922534914,5.558838813599547e-05,0.003455329303521026,0.008514012995171258,5.960640196313133e-07,4.233234510122844e-09,4.233234510122844e-09,45.13778051543699,0.0019878819888276417,0.0013783827892470697,0.0020005136998513255,0.0012195381910500686,0.0013195381910500687,0.0022991358811156925,0.0018626889402770424,0.002301309583657451,0.004717159356300146,0.0049171593563001464,0.0038305659974424686,0.0018338069238565556,0.0038357836045275566,1.004567016441302,1.2278076840439902,0.9883440315486335,1.1053447143995179,1.105344714399518,1.1122029696647864,1.0005722333102276,1.1122029696647864,1.131165295195707,1.1333239143714988,1.141491251394693,1.0018188745642649,1.1436695757428013,0.6396713209067895,5.98971422648756,0.32377147325641104,207.88871558395292,208.32620060522387,211.69852050516423,269.28554453569797,212.14402295336632,738.811405965087,666.2551918165417,759.0939851964905,10095.389110665239,684.545886312116
2702124,113642,1,0.9750134507764707,0.9760097281006728,0.989593320170113,0.989593320170113,6.02113994130235e-05,0.992054791145712,80536,81181,0.9997385293207866,0.9903315656996494,0.999974389601746,8.01873463760372e-20,52590,5603614,10439778,5,0.989692753715622,0.001095755237856,5591867,0.9979,0.0001,129,,,5,1,,0.998953649971331,3.23873977742227e-20,,207205542,207205542,129,0.989692753715622,0.001095755237856,207193795,0.9958,0.0002,0.9648420873414488,0.9778137944055606,0.989567976291074,0.9885578591711823,0.00031159701601961705,11334,0.995038337226282,3537,7205,8145,14298,20857.5827592162,1.00141281058262,17.69522419184991,1.8723929513918447,777494,777494,4399,0.6367632128445122,4.878381447133018,0.3275898502155109,188.0759123156337,188.47170289170626,190.3416249364712,269.1315385045329,190.74218352186713,653.1418609667145,587.8771138311531,665.0020175529307,10077.060202180926,598.5521525021863,70.84183195709542,104653,93800,6451,0.99707891009756,0.0004391565286690349,0.999974389601746,0.998953649971331,96.41197116773542,4754.012349334916,8856.932960820457,175789.71455182933,175789.71455182933,180640.138872332,12250,11747,2349.4,11747,91.06201550387597,1178.712546,2815742,7.53929236830083e-07,8.01873463760372e-20,3.23873977742227e-20,0.0001769757683426233,0.0029664058288859153,0.0003389950744704654,6.02113994130235e-05,5.230781280203134e-06,0.000309495520925877,0.0011341003302057547,0.00042244083674402937,0.0011341003302057547,6.947032273832124e-05,0.0030911790316017094,6.947032273832124e-05,0.003265115742241696,0.00906321891360288,2.963463187017542e-07,3.702064080686867e-09,3.702064080686867e-09,28.75014153861598,0.0017176346099747597,0.0013784023717258176,0.0017322381235937425,0.0011943117296187781,0.0012943117296187782,0.0020582643688804186,0.0016829753284436312,0.0020606921682295755,0.004529792802493391,0.004729792802493391,0.0035363337595091244,0.0016316782381611715,0.003541984819087165,1.0,1.0,1.0,1.0,1.0,1.0,1.0,1.0,1.0,1.0,1.0,1.0,1.0,0.6367632128445122,4.878381447133018,0.3275898502155109,188.0759123156337,188.47170289170626,190.3416249364712,269.1315385045329,190.74218352186713,653.1418609667145,587.8771138311531,665.0020175529307,10077.060202180926,598.5521525021863
2585628,107700,1,0.9787117655507275,0.9797149913513797,0.9901742399152,0.9901742399152,5.98496801610526e-05,0.991904040207775,76574,77199,0.9997381261192798,0.9903170190643308,0.999974356051732,8.88052785163934e-20,50141,5360197,9988492,5,0.989691984137871,0.001108039344414,5348978,0.9978,0.0001,129,,,5,1,,0.998950384710232,3.5478527719146803e-20,,198197259,198197259,129,0.989691984137871,0.001108039344414,198186040,0.9962,0.0002,0.9690703271236295,0.9782580243108914,0.9901488479382153,0.9891349378934506,0.00032252483636416654,10872,0.9950308674365441,3486,6717,7822,13570,19950.8584654522,1.00141068379582,17.721902012342596,1.824137623674124,742758,742758,4093,0.6367632128445122,4.878381447133018,0.3275898502155109,188.0759123156337,188.47170289170626,190.3416249364712,269.1315385045329,190.74218352186713,653.1418609667145,587.8771138311531,665.0020175529307,10077.060202180926,598.5521525021863,68.62215883768606,99932,89492,5968,0.9971014659415112,0.0004357654840721111,0.999974356051732,0.998950384710232,95.667504735919,4761.343285821345,8872.554370609925,176054.19883034972,176054.19883034972,180911.20962090697,12251,11219,2243.8,11219,86.96899224806202,1125.77411,2693877,7.562010285142797e-07,8.88052785163934e-20,3.5478527719146803e-20,0.00018724855959730406,0.003047138176680026,0.0003672350279495443,5.98496801610526e-05,5.238849532261263e-06,0.0003164098806716451,0.0011603161336024026,0.0004319262754124682,0.0011603161336024026,7.103153140944915e-05,0.0031633533832226934,7.103153140944915e-05,0.003342780753685542,0.009294356567675362,3.003778706106355e-07,3.653426885356933e-09,3.653426885356933e-09,27.500312070374243,0.0017194685798743422,0.001378402444375418,0.0017340478906945293,0.0012201658137634551,0.0013201658137634552,0.0020743446499756676,0.0016860551827594852,0.0020767536509857577,0.004601605507468798,0.0048016055074687975,0.003600468972804939,0.001632428188020444,0.003606019526310285,0.9905422773713715,0.989902070543587,0.9689493950739817,0.9981567166475641,0.9982567523978798,1.0033002640556912,1.0000477531688057,1.0034008152948226,0.9977031386720859,0.996449748090952,0.9978462456502107,1.0000246014530891,0.9965926752872042,0.6307408829973145,4.829119895418395,0.3174179871986956,187.7292351174681,188.1431500475728,190.96980255955089,269.14439038832205,191.39086245695617,651.6416846846182,585.7900019854884,663.5697665650075,10077.308112504767,596.5126909610685
3002280,125781,1,0.9791137760676827,0.9801161893417852,0.990087059059858,0.990087059059858,5.57758645447156e-05,0.99134742477591,89252,90031,0.999738160024596,0.9903226161347147,0.999974394739158,6.57400062052232e-20,58386,6226250,11597071,5,0.989691408240194,0.001067469354321,6213218,0.9979,0.0001,129,,,5,1,,0.998951671496802,2.6296364804064902e-20,,230116930,230116930,129,0.989691408240194,0.001067469354321,230103898,0.9963,0.0002,0.9693830570902394,0.9776092074334782,0.9900617076224545,0.9890491225751981,0.00030866657018507204,12633,0.9950330893395941,4040,7854,9094,15844,23166.9635459329,1.00141131574322,17.713966644306623,1.8876611418047882,863568,863568,4920,0.6367632128445122,4.878381447133018,0.3275898502155109,188.0759123156337,188.47170289170626,190.3416249364712,269.1315385045329,190.74218352186713,653.1418609667145,587.8771138311531,665.0020175529307,10077.060202180926,598.5521525021863,71.63697053406999,115769,103802,7237,0.9970860928325177,0.00043807667660842025,0.999974394739158,0.998951671496802,96.17490156057524,4760.726825526363,8867.37394213754,175952.43391427785,175952.43391427785,180809.33564136477,12252,13032,2606.4,13032,101.02325581395348,1307.836015,3128261,7.555249226953004e-07,6.57400062052232e-20,2.6296364804064902e-20,0.00016012864625252848,0.002819632309521423,0.000313499961407466,5.57758645447156e-05,5.238171070663619e-06,0.0002936471850549909,0.0010760977653576423,0.0004007621728818844,0.0010760977653576423,6.592129256284866e-05,0.0029390289165879507,6.592129256284866e-05,0.0031038243743961146,0.00862498460635371,2.9315350763905985e-07,3.1735537130741008e-09,3.1735537130741008e-09,31.933386785143448,0.0017171692560977374,0.0013784019095144867,0.0017317650069197756,0.001131873629902358,0.001231873629902358,0.002026488750176719,0.0016781401919968436,0.002028954571840582,0.004373206690464869,0.004573206690464869,0.0034039038215738695,0.0016318619151830388,0.0034097743659258733,0.9970875527168157,0.996220177039916,0.976950951327738,0.9994898178910432,0.9994898178910434,1.0052161948129381,1.000363219390503,1.0052161948129381,0.995450064283479,0.9953223449024582,0.9961623765508123,0.9998844502100922,0.9960345657778825,0.6349086735552315,4.859942028931097,0.3200392158133546,187.97995935004454,188.37554800084632,191.334483933151,269.2292922979137,191.7371319101624,650.1701074855471,585.1272274529126,662.4499902166125,10075.895799991677,596.1786333129321
2701985,113078,1,0.9780411113612663,0.9790401166276546,0.990123385590656,0.990123385590656,5.86462861128587e-05,0.991690024324892,80314,80987,0.9997382671413972,0.9903339598817886,0.999974397942378,8.086667596447861e-20,52502,5614348,10457900,5,0.989705856282539,0.001094873395413,5602592,0.998,0.0001,129,,,5,1,,0.998954031490757,3.23299684364708e-20,,207343141,207343141,129,0.989705856282539,0.001094873395413,207331385,0.9959,0.0002,0.9683565838720654,0.977995025721085,0.9900980363946852,0.9890877477090632,0.0003189922946644749,11384,0.9950358591442519,3520,7048,8145,14126,20887.0447671212,1.00141210431652,17.704074484814804,1.9011568560734946,776969,776969,4470,0.6367632128445122,4.878381447133018,0.3275898502155109,188.0759123156337,188.47170289170626,190.3416249364712,269.1315385045329,190.74218352186713,653.1418609667145,587.8771138311531,665.0020175529307,10077.060202180926,598.5521525021863,71.0509527050017,104658,93675,6475,0.9970960555103993,0.0004365788880497519,0.999974397942378,0.998954031490757,95.84607860587307,4758.779247322435,8864.223858331065,175746.1839674793,175746.1839674793,180600.80929340763,12253,11756,2351.2,11756,91.13178294573643,1179.787443,2815178,7.546825185941262e-07,8.086667596447861e-20,3.23299684364708e-20,0.00017989861195693825,0.0029737944097738595,0.00034747841723436427,5.86462861128587e-05,5.23602761252993e-06,0.0003092272495859904,0.0011344834227928053,0.00042203681392878167,0.0011344834227928053,6.944726763909078e-05,0.0030911051907115605,6.944726763909078e-05,0.00326729350260003,0.009076235419486899,2.986898839195069e-07,3.508345801824941e-09,3.508345801824941e-09,28.790751126035165,0.0017185358243921442,0.0013784023279633816,0.0017331288268886708,0.001193129708905664,0.001293129708905664,0.0020592275289896076,0.0016830977345162629,0.0020616541941238945,0.004528153804536924,0.004728153804536925,0.0035367070389842685,0.0016318510365516757,0.0035423575030762875,0.9851371647981911,0.9929746567072412,0.974945239821962,0.9973816329456282,0.9972816949062552,0.9977309472673139,1.0005081702751473,0.9976309742265055,0.9981032503822618,0.9966254520439262,0.9984549226998246,0.9992529837447252,0.9969766036731068,0.6272991061494299,4.844109142753883,0.3193821650816019,187.58346054310553,187.95937930170896,189.90972975226518,269.26830315250555,190.2903103730112,651.903014391597,585.8932943182516,663.9745380310388,10069.532474404514,596.7424921228572
2756950,116192,1,0.9761833857979778,0.9771858635053052,0.990833540838517,0.990833540838517,5.59654416045121e-05,0.991646080221498,83093,83793,0.9997375133710106,0.9903092664236772,0.999974289161825,7.892278869298231e-20,53887,5725232,10661837,5,0.989680981810342,0.001090941972417,5713277,0.9981,0.0001,129,,,5,1,,0.998948433211362,3.12290030063698e-20,1.0,211369616,211369616,129,0.989680981810342,0.001090941972417,211357661,0.9962,0.0002,0.9672103722291928,0.978617482959327,0.9908080656776902,0.9897916131939026,0.0003144268538954876,11563,0.9950224152457241,3618,7277,8250,14596,21296.0003931544,1.00140828500992,17.75208840812814,1.8820577164366374,793320,793320,4500,0.6367632128445122,4.878381447133018,0.3275898502155109,188.0759123156337,188.47170289170626,190.3416249364712,269.1315385045329,190.74218352186713,653.1418609667145,587.8771138311531,665.0020175529307,10077.060202180926,598.5521525021863,70.97967377666248,105754,94796,6578,0.9970654494538238,0.00044118020126188124,0.999974289161825,0.998948433211362,96.85624616067645,4772.484163444832,8887.578396077251,176195.15593314217,176195.15593314217,181064.49634274768,12254,11955,2391.0,11955,92.67441860465117,1199.633525,2873183,7.58775719813811e-07,7.892278869298231e-20,3.12290030063698e-20,0.00017290643267533075,0.002933674233047328,0.00033629618747145707,5.59654416045121e-05,5.2511109261939126e-06,0.00030625555908532005,0.0011227312176034358,0.00041792991151484433,0.0011227312176034358,6.878262099370089e-05,0.0030750458704169926,6.878262099370089e-05,0.0032479175344979423,0.008995043124319743,2.9951471691310456e-07,3.1903510329254306e-09,3.1903510329254306e-09,29.354450506560017,0.0017199658823304213,0.001378402045903442,0.0017345392727097144,0.001178696659207948,0.001278696659207948,0.002053973715319063,0.0016832887168967664,0.0020564065802320306,0.004509413357693705,0.004709413357693705,0.003523377604147596,0.001632982271468953,0.0035290494104516096,0.9998417767233683,1.0019289420817092,0.9866886013067294,0.9981028703947364,0.9979028698195648,0.9985330375718964,1.000699709357545,0.9983329507995146,0.9884826891330666,0.988181470256291,0.9889296987221804,0.9991441214165031,0.9886283436288296,0.6366624620825374,4.887791562397022,0.32322917111142346,187.71910793434276,188.07645319541405,190.0624009241852,269.319852360435,190.42420691732815,645.6194231137534,580.9292706756938,657.6402448682619,10068.435462169271,591.7456231037071
2778416,116662,1,0.9775149407603776,0.9785217938865821,0.989564650106778,0.989564650106778,5.94132380967515e-05,0.991735340917187,83518,84214,0.9997371918670777,0.990293543697985,0.999974260013947,7.69791450789776e-20,54069,5775639,10757183,5,0.989667756714575,0.00108915045833,5763594,0.9979,0.0001,129,,,5,1,,0.99894533330418,3.0740091076160404e-20,,213315269,213315269,129,0.989667756714575,0.00108915045833,213303224,0.9959,0.0002,0.9672893316728933,0.9774592151396929,0.9895391787264857,0.9885209892269495,0.00031197386883784146,11651,0.9950139973856266,3699,7248,8360,14614,21493.5549429446,1.00140590406195,17.78215219419077,1.8854296388542964,799011,799011,4542,0.6367632128445122,4.878381447133018,0.3275898502155109,188.0759123156337,188.47170289170626,190.3416249364712,269.1315385045329,190.74218352186713,653.1418609667145,587.8771138311531,665.0020175529307,10077.060202180926,598.5521525021863,70.89912826899128,107434,96307,6620,0.9970757166613847,0.00043963662972449404,0.999974260013947,0.99894533330418,96.51737205806674,4778.329689496842,8899.684849460069,176481.02367300054,176481.02367300054,181355.87073455547,12255,12045,2409.0,12045,93.37209302325581,1208.715048,2894870,7.613443023978477e-07,7.69791450789776e-20,3.0740091076160404e-20,0.000173401032729546,0.0029277587746066552,0.0003391902042143445,5.94132380967515e-05,5.257544383870142e-06,0.0003048952942848068,0.0011187257149351776,0.0004161021692075978,0.0011187257149351776,6.846821857620879e-05,0.0030509081082848682,6.846821857620879e-05,0.003222337850530894,0.008961737822450426,2.969771527821931e-07,3.6047744796816797e-09,3.6047744796816797e-09,29.626756592910453,0.0017199747686335576,0.0013784018826325422,0.0017345562451937858,0.001178138953031929,0.001278138953031929,0.002051794441422548,0.001683598737468422,0.0020542298872941326,0.004488723228785704,0.0046887232287857045,0.0035023354336490313,0.0016338769481295534,0.003508041261130426,0.9918115353448049,0.996341240972735,0.973043702933541,0.997302742361696,0.997302742361696,0.997635616088969,1.0002453171060028,0.9976356160889688,0.9962340115645444,0.9962829705622196,0.9965992034611291,0.9991031008443476,0.9966481804058219,0.6315490997824065,4.860532624974878,0.3187592408971448,187.56862312455937,187.96334615147745,189.8915842608719,269.19756107469294,190.29119577199307,650.6821362716018,585.6919572932453,662.7404809932946,10068.022095394132,596.5459136692921
2217480,92769,1,0.9788321013345809,0.9798390871710644,0.990889417863685,0.990889417863685,6.22506307545236e-05,0.992049003485162,65754,66281,0.9997372637722397,0.990300756281514,0.999974419646329,1.21840773864165e-19,43481,4600925,8570509,5,0.989678389427984,0.001152398778866,4591327,0.9978,0.0001,129,,,5,1,,0.998946740621667,4.8428726092381005e-20,,169849028,169849028,129,0.989678389427984,0.001152398778866,169839430,0.9959,0.0002,0.9698895603250677,0.979084755567976,0.9908640705619273,0.9898457542914292,0.0003449711830596133,9309,0.995015864351682,2919,5727,6632,11794,17120.2195222953,1.00140643142856,17.77548445827848,1.88528860179204,638666,638666,3619,0.6367632128445122,4.878381447133018,0.3275898502155109,188.0759123156337,188.47170289170626,190.3416249364712,269.1315385045329,190.74218352186713,653.1418609667145,587.8771138311531,665.0020175529307,10077.060202180926,598.5521525021863,71.5158366326318,85602,76677,5321,0.9970817065976453,0.00043873610296804095,0.999974419646329,0.998946740621667,96.31967134314839,4777.022322914713,8898.539491893795,176349.8857906543,176349.8857906543,181223.22778491216,12256,9598,1919.6,9598,74.40310077519379,963.136592,2313232,7.607742514142462e-07,1.21840773864165e-19,4.8428726092381005e-20,0.00021362580526862183,0.0032832092481526326,0.000429169079667945,6.22506307545236e-05,5.256105524544153e-06,0.0003415833491236064,0.0012513047744591138,0.0004662055325505267,0.0012513047744591138,7.673057753704426e-05,0.0034178897067384723,7.673057753704426e-05,0.0036113322283838106,0.01005293122518598,3.1848486081522784e-07,3.946727408731657e-09,3.946727408731657e-09,23.59856201089888,0.001726051549850812,0.0013784030040003546,0.001740582698966374,0.0013135554052136373,0.0014135554052136373,0.0021319046861898944,0.0016965094508504912,0.0021342487181672224,0.004858543341039006,0.0050585433410390065,0.0038289977800780957,0.0016341761882237363,0.003834217521195555,1.0050220011184299,0.9944351401849684,0.9638580009865076,0.9994607144464013,0.9995608808840089,1.0045027705883638,1.0003434889787606,1.0046034423432835,0.9952248393398742,0.994506535545782,0.995264069592906,0.9987240660539177,0.9945457374843686,0.6399610384115924,4.851233938255471,0.3157500981721918,187.974485693142,188.3889413641431,191.1986896069765,269.2239822218461,191.62025416614205,650.0230036467449,584.6476318028734,661.852614277223,10064.20253899225,595.2874919331432
2556886,106874,1,0.9810081948790016,0.9820192457134284,0.989021041586919,0.989021041586919,6.36114768365986e-05,0.991941683597826,72257,72844,0.9997370133169801,0.9902898717067579,0.999974252963079,9.020564753955181e-20,49997,5299215,9871254,5,0.989663211223726,0.001113176698987,5288170,0.9979,0.0001,129,,,5,1,,0.998944716314712,3.65597919129885e-20,,195660316,195660316,129,0.989663211223726,0.001113176698987,195649271,0.9956,0.0002,0.9702127659574468,0.977127373029268,0.9889955772256456,0.9879773438173258,0.00033125949485474624,10716,0.9950128633714136,3240,6698,7629,13382,19711.6826433697,1.00140558392712,17.786202244951635,1.8868266183793572,735527,735527,4168,0.6367632128445122,4.878381447133018,0.3275898502155109,188.0759123156337,188.47170289170626,190.3416249364712,269.1315385045329,190.74218352186713,653.1418609667145,587.8771138311531,665.0020175529307,10077.060202180926,598.5521525021863,71.37338162064282,98621,88562,6111,0.9970782331771336,0.0004392582968564443,0.999974252963079,0.998944716314712,96.4343132505915,4781.576054907959,8907.008256565248,176547.7871498561,176547.7871498561,181425.79751801465,12257,11045,2209.0,11045,85.62015503875969,1108.256972,2664093,7.61690661397715e-07,9.020564753955181e-20,3.65597919129885e-20,0.00018913933342893464,0.0030588907622410228,0.00036390826980713293,6.36114768365986e-05,5.261117264177065e-06,0.00031828328846985324,0.0011660057449174618,0.00043440441446997705,0.0011660057449174618,7.149054777035537e-05,0.0031843096946292393,7.149054777035537e-05,0.0033602863838740017,0.009372807683672798,3.0974005129664427e-07,4.136755892829423e-09,4.136755892829423e-09,27.170627187423683,0.0017237817156027318,0.0013784022239430817,0.0017383382511394218,0.0012296172217540603,0.0013296172217540604,0.0020811037456184207,0.0016883181649842312,0.002083504931606119,0.004626323395111768,0.004826323395111768,0.00362094623464036,0.001634270684420312,0.003626465446430753,0.9909928624819666,0.995147585588256,0.9858793144565409,1.0016043642920218,1.001604364292022,1.0067750660689598,1.0006998211882436,1.0067750660689598,0.9977284456699012,0.9998306503156293,0.9978864213043531,0.9992592728034373,0.9999889588032884,0.631027799019997,4.854709518692965,0.3229640569533888,188.37765459354233,188.7740801618823,191.63120202108894,269.319882457603,192.03447441736543,651.6582137442667,587.7775570274771,663.5964834560687,10069.59584962777,598.5455437701285
2965451,124038,1,0.9798883989341152,0.9809004500414212,0.989341998945735,0.989341998945735,5.82431355253106e-05,0.991592140770312,88924,89678,0.9997371539221099,0.9902774865811732,0.99997414027698,6.71212328036551e-20,57736,6131273,11432996,5,0.989634500707943,0.001074329010214,6118487,0.9978,0.0001,129,,,5,1,,0.998942409752336,2.72670624306367e-20,,226791986,226791986,129,0.989634500707943,0.001074329010214,226779200,0.996,0.0002,0.9694196777725638,0.9770903340581824,0.9893164148356702,0.9882956804960455,0.00030490622906808316,12395,0.9950069219353753,4003,7718,9024,15566,22846.1426827826,1.00140390902615,17.807421659373873,1.8829188174565932,852108,852108,4815,0.6367632128445122,4.878381447133018,0.3275898502155109,188.0759123156337,188.47170289170626,190.3416249364712,269.1315385045329,190.74218352186713,653.1418609667145,587.8771138311531,665.0020175529307,10077.060202180926,598.5521525021863,71.47160957297044,115297,103138,7084,0.9970707470639936,0.00044038375877976263,0.99997414027698,0.998942409752336,96.68139599994788,4779.01959800052,8911.446602991182,176772.97125139582,176772.97125139582,181648.6722453963,12258,12786,2557.2,12786,99.11627906976744,1282.956237,3089772,7.635066261161798e-07,6.71212328036551e-20,2.72670624306367e-20,0.00016358215985666272,0.0028393741391695487,0.0003195639213739075,5.82431355253106e-05,5.258303682300579e-06,0.0002957467455186493,0.0010833098167379786,0.0004038542643935889,0.0010833098167379786,6.640276259185874e-05,0.0029450386341169092,6.640276259185874e-05,0.0031137995191037188,0.008707731488608898,2.9309586653426316e-07,3.4657449787723448e-09,3.4657449787723448e-09,31.49115865553782,0.0017194747297722389,0.0013784015576341839,0.0017340586564034387,0.0011415529522632892,0.0012415529522632892,0.002032277910438364,0.0016812564933129887,0.0020347367164465584,0.004381683327086327,0.004581683327086326,0.0034102559878484194,0.001634410924277061,0.003416115616113717,0.9928557197600838,0.9968043041968746,0.9736977968535181,1.000835857869182,1.0009361621243305,1.0063733305236766,0.9989795016129477,1.00647418974702,1.006077844343145,1.003907990643105,1.0066101774781182,0.9993640891645994,1.0044391756710713,0.6322139980054816,4.86279162401637,0.31897351542641694,188.23311704694632,188.64814296146153,191.554735024605,268.8568902035841,191.97708461074862,657.1115555316622,590.1745320913009,669.3977989122623,10070.652090409376,601.2092306554414
