Physics_Setting,tbin_number,t_min,t_max,phibin_number,phi_min,phi_max,Counts,simc_yield,simc_yield_error,%error/yield
Q3p85_W2p62_t0p21_higheps_left,1,0.16,0.208,1,0,24,0.0,0.0,0.0,0.0
Q3p85_W2p62_t0p21_higheps_left,1,0.16,0.208,2,24,48,0.0,0.0,0.0,0.0
Q3p85_W2p62_t0p21_higheps_left,1,0.16,0.208,3,48,72,0.0,0.0,0.0,0.0
Q3p85_W2p62_t0p21_higheps_left,1,0.16,0.208,4,72,96,0.0,0.0,0.0,0.0
Q3p85_W2p62_t0p21_higheps_left,1,0.16,0.208,5,96,120,0.0,0.0,0.0,0.0
Q3p85_W2p62_t0p21_higheps_left,1,0.16,0.208,6,120,144,3.0,0.00031494723905476957,0.0001819834074801917,57.78218854255288
Q3p85_W2p62_t0p21_higheps_left,1,0.16,0.208,7,144,168,53.0,0.005836932629679724,0.0008038877156658506,13.772434370378548
Q3p85_W2p62_t0p21_higheps_left,1,0.16,0.208,8,168,192,93.0,0.01019787179573677,0.0010615850387051932,10.409868450679973
Q3p85_W2p62_t0p21_higheps_left,1,0.16,0.208,9,192,216,78.0,0.008494740896296359,0.0009641360430991063,11.349799303701683
Q3p85_W2p62_t0p21_higheps_left,1,0.16,0.208,10,216,240,11.0,0.0012006550171933365,0.0003631633659755522,30.247103520583842
Q3p85_W2p62_t0p21_higheps_left,1,0.16,0.208,11,240,264,0.0,0.0,0.0,0.0
Q3p85_W2p62_t0p21_higheps_left,1,0.16,0.208,12,264,288,0.0,0.0,0.0,0.0
Q3p85_W2p62_t0p21_higheps_left,1,0.16,0.208,13,288,312,0.0,0.0,0.0,0.0
Q3p85_W2p62_t0p21_higheps_left,1,0.16,0.208,14,312,336,0.0,0.0,0.0,0.0
Q3p85_W2p62_t0p21_higheps_left,1,0.16,0.208,15,336,360,0.0,0.0,0.0,0.0
Q3p85_W2p62_t0p21_higheps_left,2,0.208,0.226,1,0,24,0.0,0.0,0.0,0.0
Q3p85_W2p62_t0p21_higheps_left,2,0.208,0.226,2,24,48,0.0,0.0,0.0,0.0
Q3p85_W2p62_t0p21_higheps_left,2,0.208,0.226,3,48,72,0.0,0.0,0.0,0.0
Q3p85_W2p62_t0p21_higheps_left,2,0.208,0.226,4,72,96,0.0,0.0,0.0,0.0
Q3p85_W2p62_t0p21_higheps_left,2,0.208,0.226,5,96,120,2.0,0.0002015487386256609,0.00014252404393545891,70.71443111344432
Q3p85_W2p62_t0p21_higheps_left,2,0.208,0.226,6,120,144,77.0,0.007459626015045841,0.000853575582295487,11.442605575317726
Q3p85_W2p62_t0p21_higheps_left,2,0.208,0.226,7,144,168,196.0,0.018854966233410934,0.0013515978110151899,7.168391575372664
Q3p85_W2p62_t0p21_higheps_left,2,0.208,0.226,8,168,192,232.0,0.022094923946371935,0.0014580868283152458,6.5991936964990945
Q3p85_W2p62_t0p21_higheps_left,2,0.208,0.226,9,192,216,226.0,0.022040072109827405,0.001472702474083007,6.681931287449585
Q3p85_W2p62_t0p21_higheps_left,2,0.208,0.226,10,216,240,72.0,0.007220811304051948,0.0008538678565741523,11.825095832306344
Q3p85_W2p62_t0p21_higheps_left,2,0.208,0.226,11,240,264,5.0,0.000526046992551528,0.00023567282004379776,44.80071616809269
Q3p85_W2p62_t0p21_higheps_left,2,0.208,0.226,12,264,288,1.0,9.823500543188857e-05,9.823500543188857e-05,100.0
Q3p85_W2p62_t0p21_higheps_left,2,0.208,0.226,13,288,312,0.0,0.0,0.0,0.0
Q3p85_W2p62_t0p21_higheps_left,2,0.208,0.226,14,312,336,1.0,0.00011198358699327097,0.00011198358699327097,100.0
Q3p85_W2p62_t0p21_higheps_left,2,0.208,0.226,15,336,360,0.0,0.0,0.0,0.0
Q3p85_W2p62_t0p21_higheps_left,3,0.226,0.264,1,0,24,0.0,0.0,0.0,0.0
Q3p85_W2p62_t0p21_higheps_left,3,0.226,0.264,2,24,48,0.0,0.0,0.0,0.0
Q3p85_W2p62_t0p21_higheps_left,3,0.226,0.264,3,48,72,1.0,8.967356439491898e-05,8.967356439491898e-05,100.0
Q3p85_W2p62_t0p21_higheps_left,3,0.226,0.264,4,72,96,9.0,0.0008465483152008345,0.0002830296643796026,33.433374008010034
Q3p85_W2p62_t0p21_higheps_left,3,0.226,0.264,5,96,120,151.0,0.012860119418422071,0.0010515815647198202,8.177074648416045
Q3p85_W2p62_t0p21_higheps_left,3,0.226,0.264,6,120,144,616.0,0.049224423465287985,0.0019987147529495815,4.06041272247512
Q3p85_W2p62_t0p21_higheps_left,3,0.226,0.264,7,144,168,916.0,0.07024271926528293,0.0023464415789692453,3.340476569689068
Q3p85_W2p62_t0p21_higheps_left,3,0.226,0.264,8,168,192,967.0,0.0740747918635228,0.0024187665330387374,3.265303178300024
Q3p85_W2p62_t0p21_higheps_left,3,0.226,0.264,9,192,216,978.0,0.07540536078732397,0.0024384465845689873,3.23378412238683
Q3p85_W2p62_t0p21_higheps_left,3,0.226,0.264,10,216,240,697.0,0.057155675538219534,0.002180598836045965,3.8151921318606687
Q3p85_W2p62_t0p21_higheps_left,3,0.226,0.264,11,240,264,190.0,0.016398022451905338,0.001196249646686181,7.295084820103933
Q3p85_W2p62_t0p21_higheps_left,3,0.226,0.264,12,264,288,10.0,0.000925067266655939,0.0002927963825482416,31.651361268752105
Q3p85_W2p62_t0p21_higheps_left,3,0.226,0.264,13,288,312,1.0,9.185560976463117e-05,9.185560976463117e-05,100.0
Q3p85_W2p62_t0p21_higheps_left,3,0.226,0.264,14,312,336,1.0,0.0001014752112981417,0.0001014752112981417,100.0
Q3p85_W2p62_t0p21_higheps_left,3,0.226,0.264,15,336,360,0.0,0.0,0.0,0.0
Q3p85_W2p62_t0p21_higheps_left,4,0.264,0.302,1,0,24,4.0,0.0003271247749006913,0.00016372004687975966,50.048195502606575
Q3p85_W2p62_t0p21_higheps_left,4,0.264,0.302,2,24,48,6.0,0.00046782744071894434,0.0001912597255659501,40.882536790066744
Q3p85_W2p62_t0p21_higheps_left,4,0.264,0.302,3,48,72,14.0,0.0011078475695375496,0.00029652972722464657,26.7662930694001
Q3p85_W2p62_t0p21_higheps_left,4,0.264,0.302,4,72,96,73.0,0.0056350967231345896,0.0006619725228323877,11.747314293909007
Q3p85_W2p62_t0p21_higheps_left,4,0.264,0.302,5,96,120,542.0,0.037358865325445856,0.001616309920913388,4.326442751494617
Q3p85_W2p62_t0p21_higheps_left,4,0.264,0.302,6,120,144,1145.0,0.07159128830765223,0.0021504233389711834,3.003750022949831
Q3p85_W2p62_t0p21_higheps_left,4,0.264,0.302,7,144,168,1232.0,0.07001333669577588,0.002057388986225961,2.938567254930002
Q3p85_W2p62_t0p21_higheps_left,4,0.264,0.302,8,168,192,1324.0,0.07290542032542947,0.0020841041566674787,2.8586408902995397
Q3p85_W2p62_t0p21_higheps_left,4,0.264,0.302,9,192,216,1370.0,0.07967895592322087,0.002216836361340378,2.782210604612509
Q3p85_W2p62_t0p21_higheps_left,4,0.264,0.302,10,216,240,1149.0,0.07357961274937232,0.0022070661148888616,2.9995620151013767
Q3p85_W2p62_t0p21_higheps_left,4,0.264,0.302,11,240,264,614.0,0.0434822130049121,0.001767941558304663,4.065895997761067
Q3p85_W2p62_t0p21_higheps_left,4,0.264,0.302,12,264,288,91.0,0.007112158232467589,0.0007478216822599617,10.514694102924961
Q3p85_W2p62_t0p21_higheps_left,4,0.264,0.302,13,288,312,8.0,0.000640182079112113,0.00022680499403738538,35.42820104429474
Q3p85_W2p62_t0p21_higheps_left,4,0.264,0.302,14,312,336,8.0,0.0006468313558697597,0.0002289111912372976,35.38962500194396
Q3p85_W2p62_t0p21_higheps_left,4,0.264,0.302,15,336,360,5.0,0.0004305689388182448,0.00019285630961375153,44.79104092902567
Q3p85_W2p62_t0p21_higheps_left,5,0.302,0.35,1,0,24,4.0,0.00030133484721485117,0.0001507101060993643,50.01416447262347
Q3p85_W2p62_t0p21_higheps_left,5,0.302,0.35,2,24,48,6.0,0.0004253782179775953,0.00017401212510123943,40.907624731834446
Q3p85_W2p62_t0p21_higheps_left,5,0.302,0.35,3,48,72,29.0,0.002111532354541471,0.0003932439685854852,18.623629789034414
Q3p85_W2p62_t0p21_higheps_left,5,0.302,0.35,4,72,96,210.0,0.013832998464167303,0.0009592670735304042,6.934628641904853
Q3p85_W2p62_t0p21_higheps_left,5,0.302,0.35,5,96,120,1003.0,0.05532611741182692,0.0017753217195258576,3.20883120409666
Q3p85_W2p62_t0p21_higheps_left,5,0.302,0.35,6,120,144,1658.0,0.07580650459961114,0.0019511321359303388,2.573832082399361
Q3p85_W2p62_t0p21_higheps_left,5,0.302,0.35,7,144,168,1903.0,0.07280886439056698,0.0018359117749308703,2.5215498006980708
Q3p85_W2p62_t0p21_higheps_left,5,0.302,0.35,8,168,192,1910.0,0.06770414366682094,0.0017508798964350361,2.586074945503035
Q3p85_W2p62_t0p21_higheps_left,5,0.302,0.35,9,192,216,1908.0,0.07304457965425369,0.001837442062843913,2.5155077509394785
Q3p85_W2p62_t0p21_higheps_left,5,0.302,0.35,10,216,240,1729.0,0.08031633496266942,0.0020300987513179286,2.527628722428018
Q3p85_W2p62_t0p21_higheps_left,5,0.302,0.35,11,240,264,1034.0,0.05947711908454554,0.0018798833385512467,3.160683246744063
Q3p85_W2p62_t0p21_higheps_left,5,0.302,0.35,12,264,288,209.0,0.014179808009539859,0.000985998661287354,6.953540278006558
Q3p85_W2p62_t0p21_higheps_left,5,0.302,0.35,13,288,312,19.0,0.0013708492347367,0.00031491182217887,22.97202450854162
Q3p85_W2p62_t0p21_higheps_left,5,0.302,0.35,14,312,336,10.0,0.0007689839360542312,0.0002444870119127177,31.793513550779263
Q3p85_W2p62_t0p21_higheps_left,5,0.302,0.35,15,336,360,3.0,0.00022498151987133494,0.0001300076294272745,57.78591481719245
Q3p85_W2p62_t0p21_higheps_left,6,0.35,0.408,1,0,24,0.0,0.0,0.0,0.0
Q3p85_W2p62_t0p21_higheps_left,6,0.35,0.408,2,24,48,5.0,0.00043276611200766026,0.00019604514391864092,45.300484136606975
Q3p85_W2p62_t0p21_higheps_left,6,0.35,0.408,3,48,72,16.0,0.001118576828121604,0.00028147237586269503,25.163437037701204
Q3p85_W2p62_t0p21_higheps_left,6,0.35,0.408,4,72,96,295.0,0.01661231298765843,0.0009759807699055877,5.875044436200187
Q3p85_W2p62_t0p21_higheps_left,6,0.35,0.408,5,96,120,1357.0,0.058375453578939314,0.0016506129254285336,2.8275804712959722
Q3p85_W2p62_t0p21_higheps_left,6,0.35,0.408,6,120,144,1885.0,0.05440380809480435,0.0014382165632176342,2.643595390806818
Q3p85_W2p62_t0p21_higheps_left,6,0.35,0.408,7,144,168,1836.0,0.034927250031277585,0.0011436412253861695,3.274352330521387
Q3p85_W2p62_t0p21_higheps_left,6,0.35,0.408,8,168,192,1484.0,0.02901505056728985,0.0011413985235659047,3.9338153863245773
Q3p85_W2p62_t0p21_higheps_left,6,0.35,0.408,9,192,216,1889.0,0.03946562983003482,0.001260152811854625,3.193038644718655
Q3p85_W2p62_t0p21_higheps_left,6,0.35,0.408,10,216,240,1965.0,0.05845583971568307,0.00152393034480728,2.606977082562422
Q3p85_W2p62_t0p21_higheps_left,6,0.35,0.408,11,240,264,1469.0,0.06533772213158412,0.0017774362902519005,2.720383007341928
Q3p85_W2p62_t0p21_higheps_left,6,0.35,0.408,12,264,288,311.0,0.017876604282528425,0.0010246852783795152,5.731990607304454
Q3p85_W2p62_t0p21_higheps_left,6,0.35,0.408,13,288,312,16.0,0.0011788019717988239,0.00029696178247661214,25.19182946593273
Q3p85_W2p62_t0p21_higheps_left,6,0.35,0.408,14,312,336,3.0,0.0002528729604016462,0.00014749620653781173,58.328184359268306
Q3p85_W2p62_t0p21_higheps_left,6,0.35,0.408,15,336,360,2.0,0.0001668394513935709,0.00011829544283101009,70.90375917860909
Q3p85_W2p62_t0p21_higheps_left,7,0.408,0.5,1,0,24,2.0,0.00015570475150381447,0.00011010076854471526,70.71124514913599
Q3p85_W2p62_t0p21_higheps_left,7,0.408,0.5,2,24,48,1.0,7.860367413066644e-05,7.860367413066644e-05,100.0
Q3p85_W2p62_t0p21_higheps_left,7,0.408,0.5,3,48,72,17.0,0.0011579353281175977,0.00028370797245944935,24.50119325063347
Q3p85_W2p62_t0p21_higheps_left,7,0.408,0.5,4,72,96,506.0,0.023864861358271136,0.0010831823298710736,4.538816771695436
Q3p85_W2p62_t0p21_higheps_left,7,0.408,0.5,5,96,120,2043.0,0.05859358789258112,0.0014159792394565713,2.416611254549675
Q3p85_W2p62_t0p21_higheps_left,7,0.408,0.5,6,120,144,2316.0,0.027329137692209172,0.0009904788859056702,3.624259561574202
Q3p85_W2p62_t0p21_higheps_left,7,0.408,0.5,7,144,168,918.0,0.009373355948291537,0.0007496898236507347,7.99809404215978
Q3p85_W2p62_t0p21_higheps_left,7,0.408,0.5,8,168,192,418.0,0.008679436055744907,0.0006625886506420004,7.634005785473054
Q3p85_W2p62_t0p21_higheps_left,7,0.408,0.5,9,192,216,875.0,0.009560794473712476,0.0007580685633357759,7.928928557350488
Q3p85_W2p62_t0p21_higheps_left,7,0.408,0.5,10,216,240,2316.0,0.02645307516183888,0.000976670343916302,3.692086224157573
Q3p85_W2p62_t0p21_higheps_left,7,0.408,0.5,11,240,264,2018.0,0.06043210447633575,0.0014932150139288032,2.470896929484762
Q3p85_W2p62_t0p21_higheps_left,7,0.408,0.5,12,264,288,509.0,0.024574236419957398,0.0011122616993889214,4.526129237064
Q3p85_W2p62_t0p21_higheps_left,7,0.408,0.5,13,288,312,9.0,0.0006416319350573756,0.0002154668972976591,33.581074370681335
Q3p85_W2p62_t0p21_higheps_left,7,0.408,0.5,14,312,336,3.0,0.0002429287353326496,0.00014028518922425576,57.747466157990345
Q3p85_W2p62_t0p21_higheps_left,7,0.408,0.5,15,336,360,1.0,9.058755814673227e-05,9.058755814673227e-05,100.0
Q3p85_W2p62_t0p21_higheps_center,1,0.16,0.208,1,0,24,121.0,0.016601089924494154,0.0015147901140393958,9.124642544128333
Q3p85_W2p62_t0p21_higheps_center,1,0.16,0.208,2,24,48,146.0,0.01948744596677666,0.001619968697895043,8.312883590065422
Q3p85_W2p62_t0p21_higheps_center,1,0.16,0.208,3,48,72,231.0,0.030655434561692518,0.0020266861952700777,6.611180771851314
Q3p85_W2p62_t0p21_higheps_center,1,0.16,0.208,4,72,96,332.0,0.04324895585770934,0.0023849046841394866,5.514363611426623
Q3p85_W2p62_t0p21_higheps_center,1,0.16,0.208,5,96,120,400.0,0.050863237132931505,0.002561362883234234,5.035784247353527
Q3p85_W2p62_t0p21_higheps_center,1,0.16,0.208,6,120,144,442.0,0.05544549316507172,0.0026578765862141167,4.793674714554554
Q3p85_W2p62_t0p21_higheps_center,1,0.16,0.208,7,144,168,425.0,0.05176259156675448,0.002532300119039946,4.8921432300664875
Q3p85_W2p62_t0p21_higheps_center,1,0.16,0.208,8,168,192,487.0,0.05936657006198701,0.002720828938507266,4.583099437387641
Q3p85_W2p62_t0p21_higheps_center,1,0.16,0.208,9,192,216,495.0,0.06090905192099503,0.0027654809537125255,4.540344770592758
Q3p85_W2p62_t0p21_higheps_center,1,0.16,0.208,10,216,240,532.0,0.06794619674554908,0.002970882188226915,4.372403946835372
Q3p85_W2p62_t0p21_higheps_center,1,0.16,0.208,11,240,264,460.0,0.06008390287984853,0.0028187241224382543,4.691313292471923
Q3p85_W2p62_t0p21_higheps_center,1,0.16,0.208,12,264,288,386.0,0.05190651470609064,0.0026597854910747733,5.124184326640367
Q3p85_W2p62_t0p21_higheps_center,1,0.16,0.208,13,288,312,226.0,0.030660829893328717,0.0020473594885041867,6.677443159976755
Q3p85_W2p62_t0p21_higheps_center,1,0.16,0.208,14,312,336,143.0,0.019311124946478544,0.0016237801799558259,8.40852195020326
Q3p85_W2p62_t0p21_higheps_center,1,0.16,0.208,15,336,360,120.0,0.01636713324405749,0.001502678953259915,9.18107606782942
Q3p85_W2p62_t0p21_higheps_center,2,0.208,0.226,1,0,24,126.0,0.015044130305059246,0.0013453327800136846,8.942575959749947
Q3p85_W2p62_t0p21_higheps_center,2,0.208,0.226,2,24,48,128.0,0.014896838773510165,0.001320115177938923,8.861713535400385
Q3p85_W2p62_t0p21_higheps_center,2,0.208,0.226,3,48,72,224.0,0.0254814755665088,0.0017094891344098882,6.708752520818417
Q3p85_W2p62_t0p21_higheps_center,2,0.208,0.226,4,72,96,290.0,0.03191271371078555,0.0018832038460678518,5.901108452056788
Q3p85_W2p62_t0p21_higheps_center,2,0.208,0.226,5,96,120,336.0,0.035360862790315535,0.0019369206810830833,5.477583204258122
Q3p85_W2p62_t0p21_higheps_center,2,0.208,0.226,6,120,144,380.0,0.03816522833085439,0.001971331663550078,5.165255783250142
Q3p85_W2p62_t0p21_higheps_center,2,0.208,0.226,7,144,168,354.0,0.03462618219577393,0.001858159016962724,5.366341014602266
Q3p85_W2p62_t0p21_higheps_center,2,0.208,0.226,8,168,192,343.0,0.03307165971608488,0.0018018065563101444,5.448189089324143
Q3p85_W2p62_t0p21_higheps_center,2,0.208,0.226,9,192,216,393.0,0.038466942003837955,0.0019553188196069177,5.083114793507189
Q3p85_W2p62_t0p21_higheps_center,2,0.208,0.226,10,216,240,366.0,0.03775120361563593,0.001988613024724865,5.267681118122587
Q3p85_W2p62_t0p21_higheps_center,2,0.208,0.226,11,240,264,382.0,0.04159252810880569,0.0021403766434248874,5.146060460248247
Q3p85_W2p62_t0p21_higheps_center,2,0.208,0.226,12,264,288,342.0,0.03859097528568982,0.002096791534524006,5.433372748424763
Q3p85_W2p62_t0p21_higheps_center,2,0.208,0.226,13,288,312,230.0,0.026879730317663327,0.0017799798655694008,6.622015342169309
Q3p85_W2p62_t0p21_higheps_center,2,0.208,0.226,14,312,336,148.0,0.017718276047116458,0.001462690417644891,8.255263738725501
Q3p85_W2p62_t0p21_higheps_center,2,0.208,0.226,15,336,360,112.0,0.013272586620850488,0.0012584414382430457,9.481508572459454
Q3p85_W2p62_t0p21_higheps_center,3,0.226,0.264,1,0,24,287.0,0.03010191265449961,0.0017832605626874859,5.924077260987353
Q3p85_W2p62_t0p21_higheps_center,3,0.226,0.264,2,24,48,440.0,0.045578393899537765,0.0021832626847190202,4.79012641281588
Q3p85_W2p62_t0p21_higheps_center,3,0.226,0.264,3,48,72,697.0,0.07072174214601028,0.0026939245828812427,3.8091886612739767
Q3p85_W2p62_t0p21_higheps_center,3,0.226,0.264,4,72,96,961.0,0.09210049787430503,0.0029922625497908434,3.2489102869721296
Q3p85_W2p62_t0p21_higheps_center,3,0.226,0.264,5,96,120,970.0,0.08659569263386284,0.002811476689988573,3.246670364859647
Q3p85_W2p62_t0p21_higheps_center,3,0.226,0.264,6,120,144,977.0,0.08116868223419899,0.0026340274411516267,3.2451277619015304
Q3p85_W2p62_t0p21_higheps_center,3,0.226,0.264,7,144,168,720.0,0.06053451291145953,0.0023009699587266154,3.8010877564871404
Q3p85_W2p62_t0p21_higheps_center,3,0.226,0.264,8,168,192,561.0,0.04866862965190058,0.0020976372349817253,4.310039649739367
Q3p85_W2p62_t0p21_higheps_center,3,0.226,0.264,9,192,216,702.0,0.059648208933933654,0.0022975372201217144,3.851812587812094
Q3p85_W2p62_t0p21_higheps_center,3,0.226,0.264,10,216,240,1032.0,0.08714091714358697,0.002750915920087424,3.1568590396570944
Q3p85_W2p62_t0p21_higheps_center,3,0.226,0.264,11,240,264,1085.0,0.09859088713467266,0.0030238501955300316,3.067068654529428
Q3p85_W2p62_t0p21_higheps_center,3,0.226,0.264,12,264,288,1000.0,0.09825854117485874,0.003130113922035981,3.1855896542018662
Q3p85_W2p62_t0p21_higheps_center,3,0.226,0.264,13,288,312,661.0,0.06791432837564863,0.002654513141377333,3.9086201761352255
Q3p85_W2p62_t0p21_higheps_center,3,0.226,0.264,14,312,336,397.0,0.04155148382383976,0.0020944721634868235,5.040667554416289
Q3p85_W2p62_t0p21_higheps_center,3,0.226,0.264,15,336,360,328.0,0.034881228704428675,0.001934407484785709,5.545697662135703
Q3p85_W2p62_t0p21_higheps_center,4,0.264,0.302,1,0,24,289.0,0.027323271557116727,0.0016170119920565168,5.918076057167259
Q3p85_W2p62_t0p21_higheps_center,4,0.264,0.302,2,24,48,468.0,0.043486861247314774,0.0020207479555990307,4.646801120243664
Q3p85_W2p62_t0p21_higheps_center,4,0.264,0.302,3,48,72,834.0,0.07358135958004129,0.0025637261707759044,3.484206034528488
Q3p85_W2p62_t0p21_higheps_center,4,0.264,0.302,4,72,96,1086.0,0.08829931900142154,0.0027049486373799253,3.0633856160729596
Q3p85_W2p62_t0p21_higheps_center,4,0.264,0.302,5,96,120,1139.0,0.08261445887657479,0.002490862454232104,3.0150442042517387
Q3p85_W2p62_t0p21_higheps_center,4,0.264,0.302,6,120,144,700.0,0.04845216058223526,0.001891666956850334,3.904195260064221
Q3p85_W2p62_t0p21_higheps_center,4,0.264,0.302,7,144,168,235.0,0.01976636431573009,0.0013388974074778459,6.773614945528197
Q3p85_W2p62_t0p21_higheps_center,4,0.264,0.302,8,168,192,143.0,0.014028142136630058,0.0012163445701646517,8.670745978461056
Q3p85_W2p62_t0p21_higheps_center,4,0.264,0.302,9,192,216,212.0,0.01817764455385669,0.0012935378939272005,7.116091912209576
Q3p85_W2p62_t0p21_higheps_center,4,0.264,0.302,10,216,240,696.0,0.04929405790289261,0.0019198510732317256,3.894690668424494
Q3p85_W2p62_t0p21_higheps_center,4,0.264,0.302,11,240,264,1277.0,0.09543786982856742,0.002716818973166608,2.8466886132797806
Q3p85_W2p62_t0p21_higheps_center,4,0.264,0.302,12,264,288,1157.0,0.09747537050983589,0.0028989254393433214,2.9740081255200783
Q3p85_W2p62_t0p21_higheps_center,4,0.264,0.302,13,288,312,837.0,0.0765088859384859,0.00266530159966934,3.4836497316302264
Q3p85_W2p62_t0p21_higheps_center,4,0.264,0.302,14,312,336,423.0,0.039897436593282216,0.0019508973777579788,4.889781259998202
Q3p85_W2p62_t0p21_higheps_center,4,0.264,0.302,15,336,360,315.0,0.030258641227312314,0.0017144444016133802,5.665966256494934
Q3p85_W2p62_t0p21_higheps_center,5,0.302,0.35,1,0,24,306.0,0.027158117445672772,0.0015617551446351291,5.750601630467471
Q3p85_W2p62_t0p21_higheps_center,5,0.302,0.35,2,24,48,488.0,0.04227628902803397,0.0019256759356944602,4.554978641615206
Q3p85_W2p62_t0p21_higheps_center,5,0.302,0.35,3,48,72,948.0,0.07605376306509722,0.002489007227865915,3.272694377706836
Q3p85_W2p62_t0p21_higheps_center,5,0.302,0.35,4,72,96,1358.0,0.09570505890785805,0.0026333527015031328,2.7515292624587855
Q3p85_W2p62_t0p21_higheps_center,5,0.302,0.35,5,96,120,1202.0,0.07232322987159648,0.0021472245509540867,2.9689279015418624
Q3p85_W2p62_t0p21_higheps_center,5,0.302,0.35,6,120,144,336.0,0.02142847467080964,0.0012349363093313108,5.76306213252579
Q3p85_W2p62_t0p21_higheps_center,5,0.302,0.35,7,144,168,97.0,0.009151378714406461,0.0009464398860893979,10.342046981396093
Q3p85_W2p62_t0p21_higheps_center,5,0.302,0.35,8,168,192,77.0,0.007401901953831466,0.0008576805063518892,11.58729893615959
Q3p85_W2p62_t0p21_higheps_center,5,0.302,0.35,9,192,216,117.0,0.010852100987135637,0.001023682965617033,9.433039434765062
Q3p85_W2p62_t0p21_higheps_center,5,0.302,0.35,10,216,240,319.0,0.021951966681805428,0.0012929073896281655,5.889710969267155
Q3p85_W2p62_t0p21_higheps_center,5,0.302,0.35,11,240,264,1255.0,0.07783703167758205,0.0022688959453871916,2.914931230658247
Q3p85_W2p62_t0p21_higheps_center,5,0.302,0.35,12,264,288,1428.0,0.1036544512133261,0.0027788863382193327,2.680913656568635
Q3p85_W2p62_t0p21_higheps_center,5,0.302,0.35,13,288,312,939.0,0.0774678046464857,0.0025492016597588297,3.2906594828545632
Q3p85_W2p62_t0p21_higheps_center,5,0.302,0.35,14,312,336,491.0,0.04338910093795516,0.0019716315589048557,4.544071013880231
Q3p85_W2p62_t0p21_higheps_center,5,0.302,0.35,15,336,360,315.0,0.027922616823084234,0.0015815063399902552,5.6638901361235945
Q3p85_W2p62_t0p21_higheps_center,6,0.35,0.408,1,0,24,177.0,0.01541526492911814,0.001162532583531358,7.541437587202486
Q3p85_W2p62_t0p21_higheps_center,6,0.35,0.408,2,24,48,340.0,0.02846993062340465,0.0015505904258113355,5.446414486646558
Q3p85_W2p62_t0p21_higheps_center,6,0.35,0.408,3,48,72,960.0,0.07161145647216832,0.0023268347278756116,3.249249271699888
Q3p85_W2p62_t0p21_higheps_center,6,0.35,0.408,4,72,96,1481.0,0.09009697821081325,0.002375145944847756,2.6362104390341203
Q3p85_W2p62_t0p21_higheps_center,6,0.35,0.408,5,96,120,973.0,0.048513828878669576,0.0016263042932639987,3.3522488965595696
Q3p85_W2p62_t0p21_higheps_center,6,0.35,0.408,6,120,144,93.0,0.006170963460474375,0.0006719275184390457,10.888535035781807
Q3p85_W2p62_t0p21_higheps_center,6,0.35,0.408,7,144,168,26.0,0.0022193495276593023,0.0004380912383285546,19.739623383730795
Q3p85_W2p62_t0p21_higheps_center,6,0.35,0.408,8,168,192,17.0,0.001512081882808022,0.0003722510174109459,24.618443064713837
Q3p85_W2p62_t0p21_higheps_center,6,0.35,0.408,9,192,216,23.0,0.0019815288796373683,0.00041765245895627665,21.077283467738788
Q3p85_W2p62_t0p21_higheps_center,6,0.35,0.408,10,216,240,102.0,0.007749624191101949,0.0007930526065067315,10.2334330923725
Q3p85_W2p62_t0p21_higheps_center,6,0.35,0.408,11,240,264,887.0,0.0447151645736768,0.0015672403305422827,3.504941434264329
Q3p85_W2p62_t0p21_higheps_center,6,0.35,0.408,12,264,288,1506.0,0.09449544513008033,0.0024733907356330616,2.617470855053645
Q3p85_W2p62_t0p21_higheps_center,6,0.35,0.408,13,288,312,911.0,0.06925236978791777,0.00231045801594054,3.336287296761414
Q3p85_W2p62_t0p21_higheps_center,6,0.35,0.408,14,312,336,343.0,0.029293076068119175,0.0015887074373774235,5.42349131816333
Q3p85_W2p62_t0p21_higheps_center,6,0.35,0.408,15,336,360,181.0,0.01591253208485687,0.0011871373594592926,7.460392558070813
Q3p85_W2p62_t0p21_higheps_center,7,0.408,0.5,1,0,24,69.0,0.006187043807033433,0.0007462168943666083,12.060960252427964
Q3p85_W2p62_t0p21_higheps_center,7,0.408,0.5,2,24,48,205.0,0.01714581046184668,0.001200438701429441,7.001352920007426
Q3p85_W2p62_t0p21_higheps_center,7,0.408,0.5,3,48,72,980.0,0.07007381854342931,0.002250504374131271,3.2116194334928196
Q3p85_W2p62_t0p21_higheps_center,7,0.408,0.5,4,72,96,1734.0,0.09203255613586601,0.002249498274341999,2.44424187351822
Q3p85_W2p62_t0p21_higheps_center,7,0.408,0.5,5,96,120,637.0,0.025617732919423982,0.0010652772004616172,4.158358601880412
Q3p85_W2p62_t0p21_higheps_center,7,0.408,0.5,6,120,144,13.0,0.0008091522954555202,0.00023108814630896883,28.559289469589345
Q3p85_W2p62_t0p21_higheps_center,7,0.408,0.5,7,144,168,2.0,0.00015455143998258965,0.00010974521133964593,71.00885721414748
Q3p85_W2p62_t0p21_higheps_center,7,0.408,0.5,8,168,192,3.0,0.00023519474487464245,0.0001361528422965767,57.88940665708557
Q3p85_W2p62_t0p21_higheps_center,7,0.408,0.5,9,192,216,4.0,0.0002806557705093205,0.00014087211320285202,50.19391297289349
Q3p85_W2p62_t0p21_higheps_center,7,0.408,0.5,10,216,240,15.0,0.0010055325516211092,0.0002631890784638324,26.1740982964223
Q3p85_W2p62_t0p21_higheps_center,7,0.408,0.5,11,240,264,700.0,0.027975474996651803,0.0011071833398750292,3.9576927291048345
Q3p85_W2p62_t0p21_higheps_center,7,0.408,0.5,12,264,288,1791.0,0.09607549200858644,0.002309989102299851,2.404347928911364
Q3p85_W2p62_t0p21_higheps_center,7,0.408,0.5,13,288,312,985.0,0.07111496503627465,0.002279148660390655,3.2048791126144773
Q3p85_W2p62_t0p21_higheps_center,7,0.408,0.5,14,312,336,213.0,0.017965352603172394,0.0012334996784634743,6.865992033163089
Q3p85_W2p62_t0p21_higheps_center,7,0.408,0.5,15,336,360,83.0,0.007498803230633591,0.0008246644627622501,10.997280998031632
Q3p85_W2p62_t0p21_higheps_right,1,0.16,0.208,1,0,24,490.0,0.06693995430192827,0.003038151316409834,4.538621736588663
Q3p85_W2p62_t0p21_higheps_right,1,0.16,0.208,2,24,48,471.0,0.06306246799824042,0.0029214127720811668,4.632569680214039
Q3p85_W2p62_t0p21_higheps_right,1,0.16,0.208,3,48,72,415.0,0.05370239926077279,0.002649244105160481,4.933195055766597
Q3p85_W2p62_t0p21_higheps_right,1,0.16,0.208,4,72,96,338.0,0.04360327173601897,0.0023858768243700816,5.471783949641562
Q3p85_W2p62_t0p21_higheps_right,1,0.16,0.208,5,96,120,142.0,0.0186895905292714,0.0015782450954189885,8.444514035484946
Q3p85_W2p62_t0p21_higheps_right,1,0.16,0.208,6,120,144,30.0,0.004155090193416881,0.0007614122325542562,18.324806372689576
Q3p85_W2p62_t0p21_higheps_right,1,0.16,0.208,7,144,168,19.0,0.0027764519606202054,0.0006394821682514434,23.03235126418667
Q3p85_W2p62_t0p21_higheps_right,1,0.16,0.208,8,168,192,11.0,0.0016039653876590721,0.0004854499526706439,30.26561273738831
Q3p85_W2p62_t0p21_higheps_right,1,0.16,0.208,9,192,216,19.0,0.00278281889166783,0.00063994712930672,22.99636283276702
Q3p85_W2p62_t0p21_higheps_right,1,0.16,0.208,10,216,240,38.0,0.005698685692772061,0.0009321463680692502,16.357216704397995
Q3p85_W2p62_t0p21_higheps_right,1,0.16,0.208,11,240,264,144.0,0.01963938099712117,0.0016446941745798522,8.374470533572007
Q3p85_W2p62_t0p21_higheps_right,1,0.16,0.208,12,264,288,366.0,0.04838819522632643,0.002545523072973163,5.260628260812314
Q3p85_W2p62_t0p21_higheps_right,1,0.16,0.208,13,288,312,509.0,0.06830910045574394,0.0030448548175385005,4.4574658387006565
Q3p85_W2p62_t0p21_higheps_right,1,0.16,0.208,14,312,336,503.0,0.06846590910111046,0.003067929952941949,4.48095993060025
Q3p85_W2p62_t0p21_higheps_right,1,0.16,0.208,15,336,360,505.0,0.06899461351703404,0.003085843164902298,4.47258562313772
Q3p85_W2p62_t0p21_higheps_right,2,0.208,0.226,1,0,24,400.0,0.04759017991544765,0.0023893483812774115,5.020675243343291
Q3p85_W2p62_t0p21_higheps_right,2,0.208,0.226,2,24,48,342.0,0.039807973020484055,0.002161213154618111,5.429096210213999
Q3p85_W2p62_t0p21_higheps_right,2,0.208,0.226,3,48,72,295.0,0.03294681508648161,0.0019242450847138195,5.840458568340815
Q3p85_W2p62_t0p21_higheps_right,2,0.208,0.226,4,72,96,159.0,0.017270645152048625,0.0013774298610528342,7.975555336387911
Q3p85_W2p62_t0p21_higheps_right,2,0.208,0.226,5,96,120,29.0,0.003506427579637805,0.0006701917040994544,19.113233879157473
Q3p85_W2p62_t0p21_higheps_right,2,0.208,0.226,6,120,144,1.0,0.0001599907900140857,0.0001599907900140857,100.0
Q3p85_W2p62_t0p21_higheps_right,2,0.208,0.226,7,144,168,0.0,0.0,0.0,0.0
Q3p85_W2p62_t0p21_higheps_right,2,0.208,0.226,8,168,192,1.0,0.00014507817875978113,0.00014507817875978113,100.0
Q3p85_W2p62_t0p21_higheps_right,2,0.208,0.226,9,192,216,1.0,0.00015411046615210783,0.00015411046615210783,100.0
Q3p85_W2p62_t0p21_higheps_right,2,0.208,0.226,10,216,240,1.0,0.0001490487689065958,0.0001490487689065958,100.0
Q3p85_W2p62_t0p21_higheps_right,2,0.208,0.226,11,240,264,16.0,0.001971253399087194,0.0005025727932185571,25.495088224135863
Q3p85_W2p62_t0p21_higheps_right,2,0.208,0.226,12,264,288,189.0,0.020968812356171845,0.001531100801930164,7.301800292373298
Q3p85_W2p62_t0p21_higheps_right,2,0.208,0.226,13,288,312,324.0,0.03732262838494197,0.002081714097132774,5.57761922783727
Q3p85_W2p62_t0p21_higheps_right,2,0.208,0.226,14,312,336,388.0,0.04598134293720265,0.002344026126335339,5.0977765689371175
Q3p85_W2p62_t0p21_higheps_right,2,0.208,0.226,15,336,360,370.0,0.04415362560291952,0.002304146181812672,5.218475607267725
Q3p85_W2p62_t0p21_higheps_right,3,0.226,0.264,1,0,24,1076.0,0.11569031195183486,0.0035436771581950992,3.063071659509771
Q3p85_W2p62_t0p21_higheps_right,3,0.226,0.264,2,24,48,987.0,0.10345429480390994,0.0033093172490697644,3.1988205567901584
Q3p85_W2p62_t0p21_higheps_right,3,0.226,0.264,3,48,72,749.0,0.07488405540574714,0.0027524084335425495,3.675560062324443
Q3p85_W2p62_t0p21_higheps_right,3,0.226,0.264,4,72,96,358.0,0.03419546545486175,0.0018248667457476473,5.336575249009212
Q3p85_W2p62_t0p21_higheps_right,3,0.226,0.264,5,96,120,28.0,0.0032138039791143967,0.0006208535833962502,19.318340117536792
Q3p85_W2p62_t0p21_higheps_right,3,0.226,0.264,6,120,144,5.0,0.0008025234343230195,0.00035950983601999313,44.79742530176243
Q3p85_W2p62_t0p21_higheps_right,3,0.226,0.264,7,144,168,1.0,0.00016396279150810897,0.00016396279150810897,100.0
Q3p85_W2p62_t0p21_higheps_right,3,0.226,0.264,8,168,192,5.0,0.000821067604792764,0.0003691672912092811,44.96186295188912
Q3p85_W2p62_t0p21_higheps_right,3,0.226,0.264,9,192,216,1.0,0.00015370559044519422,0.00015370559044519422,100.0
Q3p85_W2p62_t0p21_higheps_right,3,0.226,0.264,10,216,240,2.0,0.0003188208555142814,0.00022549727362408477,70.728520334826
Q3p85_W2p62_t0p21_higheps_right,3,0.226,0.264,11,240,264,32.0,0.0038280387861957233,0.0006885863464710984,17.987966813560174
Q3p85_W2p62_t0p21_higheps_right,3,0.226,0.264,12,264,288,363.0,0.03669965238987718,0.00195014865993405,5.313806897179106
Q3p85_W2p62_t0p21_higheps_right,3,0.226,0.264,13,288,312,873.0,0.08975879914688788,0.003057518339266813,3.40637170765093
Q3p85_W2p62_t0p21_higheps_right,3,0.226,0.264,14,312,336,1070.0,0.11371488766890954,0.0034918202132671263,3.0706799125844055
Q3p85_W2p62_t0p21_higheps_right,3,0.226,0.264,15,336,360,1116.0,0.1213291879344855,0.0036494493398843424,3.0078906832006056
Q3p85_W2p62_t0p21_higheps_right,4,0.264,0.302,1,0,24,1264.0,0.12405538897726213,0.0035066884394522073,2.8267118972920566
Q3p85_W2p62_t0p21_higheps_right,4,0.264,0.302,2,24,48,1229.0,0.11631558578300297,0.003333069708759746,2.8655400618261795
Q3p85_W2p62_t0p21_higheps_right,4,0.264,0.302,3,48,72,896.0,0.07946099231295303,0.002670535990542022,3.3608137940491023
Q3p85_W2p62_t0p21_higheps_right,4,0.264,0.302,4,72,96,298.0,0.025018394222045017,0.0014707785371599665,5.878788718837864
Q3p85_W2p62_t0p21_higheps_right,4,0.264,0.302,5,96,120,5.0,0.0006582325339868982,0.00029683934662587337,45.09642585241492
Q3p85_W2p62_t0p21_higheps_right,4,0.264,0.302,6,120,144,1.0,0.00014353895082816357,0.00014353895082816357,100.0
Q3p85_W2p62_t0p21_higheps_right,4,0.264,0.302,7,144,168,0.0,0.0,0.0,0.0
Q3p85_W2p62_t0p21_higheps_right,4,0.264,0.302,8,168,192,0.0,0.0,0.0,0.0
Q3p85_W2p62_t0p21_higheps_right,4,0.264,0.302,9,192,216,1.0,0.0001097057284246148,0.0001097057284246148,100.0
Q3p85_W2p62_t0p21_higheps_right,4,0.264,0.302,10,216,240,0.0,0.0,0.0,0.0
Q3p85_W2p62_t0p21_higheps_right,4,0.264,0.302,11,240,264,16.0,0.0019501158147919948,0.0004968166928577563,25.476266029397244
Q3p85_W2p62_t0p21_higheps_right,4,0.264,0.302,12,264,288,332.0,0.028573363623292262,0.0015872489466697212,5.554995091217883
Q3p85_W2p62_t0p21_higheps_right,4,0.264,0.302,13,288,312,947.0,0.08627050285533164,0.0028200579169146926,3.2688553138999223
Q3p85_W2p62_t0p21_higheps_right,4,0.264,0.302,14,312,336,1318.0,0.12697618142083625,0.003516528462182859,2.769439451425976
Q3p85_W2p62_t0p21_higheps_right,4,0.264,0.302,15,336,360,1289.0,0.1272622924727544,0.0035594636859854843,2.7969507831611082
Q3p85_W2p62_t0p21_higheps_right,5,0.302,0.35,1,0,24,1672.0,0.15429426407156793,0.003787379613005692,2.4546470575529313
Q3p85_W2p62_t0p21_higheps_right,5,0.302,0.35,2,24,48,1608.0,0.14145678763601732,0.0035413269335591788,2.503469075426322
Q3p85_W2p62_t0p21_higheps_right,5,0.302,0.35,3,48,72,1161.0,0.0932772434659148,0.0027525334377227826,2.950916360139446
Q3p85_W2p62_t0p21_higheps_right,5,0.302,0.35,4,72,96,294.0,0.021598385404256022,0.0012744716418252734,5.900772756717894
Q3p85_W2p62_t0p21_higheps_right,5,0.302,0.35,5,96,120,4.0,0.0004548178835081874,0.00022937641114947197,50.43258400048002
Q3p85_W2p62_t0p21_higheps_right,5,0.302,0.35,6,120,144,0.0,0.0,0.0,0.0
Q3p85_W2p62_t0p21_higheps_right,5,0.302,0.35,7,144,168,0.0,0.0,0.0,0.0
Q3p85_W2p62_t0p21_higheps_right,5,0.302,0.35,8,168,192,0.0,0.0,0.0,0.0
Q3p85_W2p62_t0p21_higheps_right,5,0.302,0.35,9,192,216,0.0,0.0,0.0,0.0
Q3p85_W2p62_t0p21_higheps_right,5,0.302,0.35,10,216,240,1.0,0.00011758195960535684,0.00011758195960535684,100.0
Q3p85_W2p62_t0p21_higheps_right,5,0.302,0.35,11,240,264,3.0,0.0002699606394028504,0.0001566659861331339,58.03289934402183
Q3p85_W2p62_t0p21_higheps_right,5,0.302,0.35,12,264,288,329.0,0.025127982528191296,0.001407202285849976,5.600140338649248
Q3p85_W2p62_t0p21_higheps_right,5,0.302,0.35,13,288,312,1227.0,0.10096841599154358,0.0028998383382702058,2.872025187077389
Q3p85_W2p62_t0p21_higheps_right,5,0.302,0.35,14,312,336,1566.0,0.14008125248528325,0.003555128384435892,2.5379044814075953
Q3p85_W2p62_t0p21_higheps_right,5,0.302,0.35,15,336,360,1571.0,0.14559806463051414,0.0036866537509658917,2.5320760686768433
Q3p85_W2p62_t0p21_higheps_right,6,0.35,0.408,1,0,24,1506.0,0.13477755657767232,0.003480605126152321,2.5824812487577993
Q3p85_W2p62_t0p21_higheps_right,6,0.35,0.408,2,24,48,1851.0,0.15658047072365683,0.0036497726406199515,2.3309245551198416
Q3p85_W2p62_t0p21_higheps_right,6,0.35,0.408,3,48,72,1438.0,0.10728807068936726,0.0028427247700886188,2.6496186871690535
Q3p85_W2p62_t0p21_higheps_right,6,0.35,0.408,4,72,96,241.0,0.015825504184500915,0.0010286009590500403,6.49964100390195
Q3p85_W2p62_t0p21_higheps_right,6,0.35,0.408,5,96,120,0.0,0.0,0.0,0.0
Q3p85_W2p62_t0p21_higheps_right,6,0.35,0.408,6,120,144,0.0,0.0,0.0,0.0
Q3p85_W2p62_t0p21_higheps_right,6,0.35,0.408,7,144,168,0.0,0.0,0.0,0.0
Q3p85_W2p62_t0p21_higheps_right,6,0.35,0.408,8,168,192,0.0,0.0,0.0,0.0
Q3p85_W2p62_t0p21_higheps_right,6,0.35,0.408,9,192,216,0.0,0.0,0.0,0.0
Q3p85_W2p62_t0p21_higheps_right,6,0.35,0.408,10,216,240,0.0,0.0,0.0,0.0
Q3p85_W2p62_t0p21_higheps_right,6,0.35,0.408,11,240,264,0.0,0.0,0.0,0.0
Q3p85_W2p62_t0p21_higheps_right,6,0.35,0.408,12,264,288,287.0,0.01927097338023724,0.0011473226027627265,5.953630779954936
Q3p85_W2p62_t0p21_higheps_right,6,0.35,0.408,13,288,312,1401.0,0.10650135450210457,0.0028619021041937126,2.6871978460491395
Q3p85_W2p62_t0p21_higheps_right,6,0.35,0.408,14,312,336,1755.0,0.15011843170177525,0.003592995574377515,2.3934406545862053
Q3p85_W2p62_t0p21_higheps_right,6,0.35,0.408,15,336,360,1485.0,0.1335080190757969,0.0034730933665774607,2.6014118032907603
Q3p85_W2p62_t0p21_higheps_right,7,0.408,0.5,1,0,24,1399.0,0.12903109589527414,0.003454872722112003,2.6775504758295554
Q3p85_W2p62_t0p21_higheps_right,7,0.408,0.5,2,24,48,2180.0,0.18601006948079543,0.003992744888581804,2.1465208306876282
Q3p85_W2p62_t0p21_higheps_right,7,0.408,0.5,3,48,72,1797.0,0.1309120673449836,0.003102763681552637,2.3701128127295834
Q3p85_W2p62_t0p21_higheps_right,7,0.408,0.5,4,72,96,227.0,0.013662853964499342,0.0009122924813455714,6.6771736250421165
Q3p85_W2p62_t0p21_higheps_right,7,0.408,0.5,5,96,120,0.0,0.0,0.0,0.0
Q3p85_W2p62_t0p21_higheps_right,7,0.408,0.5,6,120,144,0.0,0.0,0.0,0.0
Q3p85_W2p62_t0p21_higheps_right,7,0.408,0.5,7,144,168,0.0,0.0,0.0,0.0
Q3p85_W2p62_t0p21_higheps_right,7,0.408,0.5,8,168,192,0.0,0.0,0.0,0.0
Q3p85_W2p62_t0p21_higheps_right,7,0.408,0.5,9,192,216,0.0,0.0,0.0,0.0
Q3p85_W2p62_t0p21_higheps_right,7,0.408,0.5,10,216,240,0.0,0.0,0.0,0.0
Q3p85_W2p62_t0p21_higheps_right,7,0.408,0.5,11,240,264,0.0,0.0,0.0,0.0
Q3p85_W2p62_t0p21_higheps_right,7,0.408,0.5,12,264,288,258.0,0.01581970844195339,0.0009924817160896875,6.27370421984299
Q3p85_W2p62_t0p21_higheps_right,7,0.408,0.5,13,288,312,1845.0,0.1344599312734737,0.0031442080606437334,2.33839778948632
Q3p85_W2p62_t0p21_higheps_right,7,0.408,0.5,14,312,336,2216.0,0.18985850047449473,0.004042387786002982,2.1291581761681666
Q3p85_W2p62_t0p21_higheps_right,7,0.408,0.5,15,336,360,1500.0,0.13822159308409707,0.0035736518603351995,2.585451216844904
Q3p85_W2p62_t0p21_loweps_left,1,0.16,0.208,1,0,24,0.0,0.0,0.0,0.0
Q3p85_W2p62_t0p21_loweps_left,1,0.16,0.208,2,24,48,0.0,0.0,0.0,0.0
Q3p85_W2p62_t0p21_loweps_left,1,0.16,0.208,3,48,72,0.0,0.0,0.0,0.0
Q3p85_W2p62_t0p21_loweps_left,1,0.16,0.208,4,72,96,2.0,4.0880245786449145e-06,2.9003916326959023e-06,70.94848812424007
Q3p85_W2p62_t0p21_loweps_left,1,0.16,0.208,5,96,120,14.0,2.489023443887106e-05,6.7009525924038575e-06,26.92201477194198
Q3p85_W2p62_t0p21_loweps_left,1,0.16,0.208,6,120,144,293.0,0.0004985554268484595,2.9503869944210214e-05,5.917871585655848
Q3p85_W2p62_t0p21_loweps_left,1,0.16,0.208,7,144,168,1280.0,0.0021511572665295115,6.088349883190366e-05,2.830267213801981
Q3p85_W2p62_t0p21_loweps_left,1,0.16,0.208,8,168,192,1649.0,0.0027583620892928764,6.876601706001964e-05,2.4930018189761394
Q3p85_W2p62_t0p21_loweps_left,1,0.16,0.208,9,192,216,1229.0,0.0020615857222107538,5.949764670991052e-05,2.8860137159908086
Q3p85_W2p62_t0p21_loweps_left,1,0.16,0.208,10,216,240,270.0,0.00045348263402167767,2.790917519073308e-05,6.154408812355744
Q3p85_W2p62_t0p21_loweps_left,1,0.16,0.208,11,240,264,5.0,9.025608893068692e-06,4.082571085747738e-06,45.23319295258838
Q3p85_W2p62_t0p21_loweps_left,1,0.16,0.208,12,264,288,1.0,1.7533313452086455e-06,1.7533313452086455e-06,100.0
Q3p85_W2p62_t0p21_loweps_left,1,0.16,0.208,13,288,312,0.0,0.0,0.0,0.0
Q3p85_W2p62_t0p21_loweps_left,1,0.16,0.208,14,312,336,0.0,0.0,0.0,0.0
Q3p85_W2p62_t0p21_loweps_left,1,0.16,0.208,15,336,360,0.0,0.0,0.0,0.0
Q3p85_W2p62_t0p21_loweps_left,2,0.208,0.226,1,0,24,0.0,0.0,0.0,0.0
Q3p85_W2p62_t0p21_loweps_left,2,0.208,0.226,2,24,48,1.0,1.8375927028320877e-06,1.8375927028320877e-06,100.0
Q3p85_W2p62_t0p21_loweps_left,2,0.208,0.226,3,48,72,2.0,3.6913891857750512e-06,2.6111791463893735e-06,70.73703191339672
Q3p85_W2p62_t0p21_loweps_left,2,0.208,0.226,4,72,96,10.0,1.946894959070751e-05,6.189877810498912e-06,31.793588974380665
Q3p85_W2p62_t0p21_loweps_left,2,0.208,0.226,5,96,120,115.0,0.00019665667019103946,1.8519434077470345e-05,9.417140064194056
Q3p85_W2p62_t0p21_loweps_left,2,0.208,0.226,6,120,144,1255.0,0.0019870738842428007,5.6841971957368736e-05,2.8605867355067716
Q3p85_W2p62_t0p21_loweps_left,2,0.208,0.226,7,144,168,2628.0,0.0039952897437339424,7.903668345965491e-05,1.978246598600589
Q3p85_W2p62_t0p21_loweps_left,2,0.208,0.226,8,168,192,2878.0,0.004356879837801713,8.234141690943383e-05,1.8899170960606442
Q3p85_W2p62_t0p21_loweps_left,2,0.208,0.226,9,192,216,2663.0,0.004067383110273575,7.987447593915532e-05,1.9637804891652535
Q3p85_W2p62_t0p21_loweps_left,2,0.208,0.226,10,216,240,1236.0,0.0019770483106836927,5.6952879751121425e-05,2.8807024817429108
Q3p85_W2p62_t0p21_loweps_left,2,0.208,0.226,11,240,264,106.0,0.00019093901177992477,1.87056172540163e-05,9.796645054168547
Q3p85_W2p62_t0p21_loweps_left,2,0.208,0.226,12,264,288,4.0,8.2790169602589e-06,4.156352164535954e-06,50.20345029473135
Q3p85_W2p62_t0p21_loweps_left,2,0.208,0.226,13,288,312,1.0,1.9343246968948806e-06,1.9343246968948806e-06,100.0
Q3p85_W2p62_t0p21_loweps_left,2,0.208,0.226,14,312,336,1.0,2.005361232770989e-06,2.005361232770989e-06,100.0
Q3p85_W2p62_t0p21_loweps_left,2,0.208,0.226,15,336,360,0.0,0.0,0.0,0.0
Q3p85_W2p62_t0p21_loweps_left,3,0.226,0.264,1,0,24,6.0,1.0481305283633446e-05,4.3168477592925915e-06,41.18616567760265
Q3p85_W2p62_t0p21_loweps_left,3,0.226,0.264,2,24,48,8.0,1.4043712425523342e-05,4.986325012241847e-06,35.505747064284755
Q3p85_W2p62_t0p21_loweps_left,3,0.226,0.264,3,48,72,29.0,5.1210066629295166e-05,9.58336330452686e-06,18.713827056504186
Q3p85_W2p62_t0p21_loweps_left,3,0.226,0.264,4,72,96,161.0,0.0002731348479486067,2.1711853640297205e-05,7.949133478706652
Q3p85_W2p62_t0p21_loweps_left,3,0.226,0.264,5,96,120,1905.0,0.0029785320519958866,6.902995349054648e-05,2.31758303370582
Q3p85_W2p62_t0p21_loweps_left,3,0.226,0.264,6,120,144,7972.0,0.011050658177139249,0.00012574941605709408,1.1379359857246765
Q3p85_W2p62_t0p21_loweps_left,3,0.226,0.264,7,144,168,10598.0,0.01400250178777139,0.00013849241186775923,0.9890547701176292
Q3p85_W2p62_t0p21_loweps_left,3,0.226,0.264,8,168,192,10852.0,0.014131054136008486,0.00013829095591804517,0.978631562705961
Q3p85_W2p62_t0p21_loweps_left,3,0.226,0.264,9,192,216,10784.0,0.014260065607841255,0.00013977843111678262,0.9802088921661197
Q3p85_W2p62_t0p21_loweps_left,3,0.226,0.264,10,216,240,7737.0,0.010816113883511554,0.00012483901329434966,1.1541947009698041
Q3p85_W2p62_t0p21_loweps_left,3,0.226,0.264,11,240,264,1706.0,0.0026758637014897917,6.549947708052518e-05,2.447788242878673
Q3p85_W2p62_t0p21_loweps_left,3,0.226,0.264,12,264,288,166.0,0.00029059142643952164,2.273438700725437e-05,7.823488561176077
Q3p85_W2p62_t0p21_loweps_left,3,0.226,0.264,13,288,312,19.0,3.3462298924727445e-05,7.739999415361192e-06,23.130507060414814
Q3p85_W2p62_t0p21_loweps_left,3,0.226,0.264,14,312,336,13.0,2.2992582840833125e-05,6.4091895051257835e-06,27.875030610930484
Q3p85_W2p62_t0p21_loweps_left,3,0.226,0.264,15,336,360,3.0,5.315265792338171e-06,3.0758809156462327e-06,57.86880723970646
Q3p85_W2p62_t0p21_loweps_left,4,0.264,0.302,1,0,24,13.0,2.124712652490738e-05,5.929162602422686e-06,27.905715135042392
Q3p85_W2p62_t0p21_loweps_left,4,0.264,0.302,2,24,48,29.0,4.577329579373905e-05,8.557303760107863e-06,18.694969658003842
Q3p85_W2p62_t0p21_loweps_left,4,0.264,0.302,3,48,72,74.0,0.00011925596113920041,1.3957021854598388e-05,11.703416517944277
Q3p85_W2p62_t0p21_loweps_left,4,0.264,0.302,4,72,96,494.0,0.0007612796419598501,3.452095712463073e-05,4.534596122360431
Q3p85_W2p62_t0p21_loweps_left,4,0.264,0.302,5,96,120,4563.0,0.006183459785121771,9.273294928134856e-05,1.4996935777681681
Q3p85_W2p62_t0p21_loweps_left,4,0.264,0.302,6,120,144,12657.0,0.014997755785145492,0.000135923515027946,0.9062923611716046
Q3p85_W2p62_t0p21_loweps_left,4,0.264,0.302,7,144,168,14969.0,0.016225892268893885,0.0001360730222214169,0.8386165763116642
Q3p85_W2p62_t0p21_loweps_left,4,0.264,0.302,8,168,192,15246.0,0.015982351087241345,0.00013328400348450078,0.8339449105889116
Q3p85_W2p62_t0p21_loweps_left,4,0.264,0.302,9,192,216,14893.0,0.016088370463607733,0.00013539997910132052,0.8416015743023721
Q3p85_W2p62_t0p21_loweps_left,4,0.264,0.302,10,216,240,12575.0,0.01486293840957768,0.00013515472264144371,0.9093405282117699
Q3p85_W2p62_t0p21_loweps_left,4,0.264,0.302,11,240,264,4560.0,0.0062055359154575265,9.305866086786422e-05,1.4996071594084572
Q3p85_W2p62_t0p21_loweps_left,4,0.264,0.302,12,264,288,479.0,0.0007370563979832667,3.393261813201611e-05,4.603802127606859
Q3p85_W2p62_t0p21_loweps_left,4,0.264,0.302,13,288,312,63.0,9.925180732224229e-05,1.2600830010547593e-05,12.695819200184733
Q3p85_W2p62_t0p21_loweps_left,4,0.264,0.302,14,312,336,16.0,2.422772631691572e-05,6.121759894823427e-06,25.26757903216545
Q3p85_W2p62_t0p21_loweps_left,4,0.264,0.302,15,336,360,12.0,1.9110369642634828e-05,5.5796156318264005e-06,29.196795960337663
Q3p85_W2p62_t0p21_loweps_left,5,0.302,0.35,1,0,24,11.0,1.721186719402823e-05,5.236234228807382e-06,30.4222323457395
Q3p85_W2p62_t0p21_loweps_left,5,0.302,0.35,2,24,48,17.0,2.4547043976492472e-05,5.986219997898056e-06,24.3867245425998
Q3p85_W2p62_t0p21_loweps_left,5,0.302,0.35,3,48,72,61.0,9.032500365591287e-05,1.1673499278285726e-05,12.923884645225314
Q3p85_W2p62_t0p21_loweps_left,5,0.302,0.35,4,72,96,775.0,0.0010699122326712732,3.881881234820247e-05,3.6282239947180246
Q3p85_W2p62_t0p21_loweps_left,5,0.302,0.35,5,96,120,7108.0,0.008308877358353624,0.00010033385278960148,1.2075500511356965
Q3p85_W2p62_t0p21_loweps_left,5,0.302,0.35,6,120,144,16925.0,0.016550299550883888,0.00013117339659737484,0.7925741536827312
Q3p85_W2p62_t0p21_loweps_left,5,0.302,0.35,7,144,168,21134.0,0.017659883284804744,0.0001274332253334825,0.7215972114783513
Q3p85_W2p62_t0p21_loweps_left,5,0.302,0.35,8,168,192,21198.0,0.01665591451813448,0.00012111629373634349,0.7271668787953706
Q3p85_W2p62_t0p21_loweps_left,5,0.302,0.35,9,192,216,20941.0,0.01741986521739902,0.00012629968646895242,0.7250325125524156
Q3p85_W2p62_t0p21_loweps_left,5,0.302,0.35,10,216,240,17209.0,0.016738228005064453,0.0001315760369282051,0.7860810408867318
Q3p85_W2p62_t0p21_loweps_left,5,0.302,0.35,11,240,264,7068.0,0.008343214930750383,0.00010099272118085565,1.2104772802703339
Q3p85_W2p62_t0p21_loweps_left,5,0.302,0.35,12,264,288,706.0,0.000990254580168845,3.762773450677912e-05,3.7998041372717855
Q3p85_W2p62_t0p21_loweps_left,5,0.302,0.35,13,288,312,52.0,7.684011498337403e-05,1.079363413772795e-05,14.046874005932159
Q3p85_W2p62_t0p21_loweps_left,5,0.302,0.35,14,312,336,24.0,3.7029686699194524e-05,7.62874649169569e-06,20.60170412368526
Q3p85_W2p62_t0p21_loweps_left,5,0.302,0.35,15,336,360,14.0,2.0243572486369504e-05,5.475623860803042e-06,27.048703308123674
Q3p85_W2p62_t0p21_loweps_left,6,0.35,0.408,1,0,24,8.0,1.2992741132499928e-05,4.630575476221867e-06,35.639711658989235
Q3p85_W2p62_t0p21_loweps_left,6,0.35,0.408,2,24,48,8.0,1.229760881218785e-05,4.367559532459467e-06,35.5155184976358
Q3p85_W2p62_t0p21_loweps_left,6,0.35,0.408,3,48,72,27.0,4.5820544006690035e-05,8.900790586350559e-06,19.42532717431508
Q3p85_W2p62_t0p21_loweps_left,6,0.35,0.408,4,72,96,528.0,0.0006909561573791834,3.060841081652217e-05,4.429862950005504
Q3p85_W2p62_t0p21_loweps_left,6,0.35,0.408,5,96,120,6473.0,0.006667327103115044,8.53843330108244e-05,1.2806381281478143
Q3p85_W2p62_t0p21_loweps_left,6,0.35,0.408,6,120,144,17631.0,0.013411829225512515,0.00010717330362403943,0.7990953495006491
Q3p85_W2p62_t0p21_loweps_left,6,0.35,0.408,7,144,168,22771.0,0.013387504314727157,9.786184021798712e-05,0.7309939023536486
Q3p85_W2p62_t0p21_loweps_left,6,0.35,0.408,8,168,192,20311.0,0.011110234510715399,8.799558443703563e-05,0.7920227458040354
Q3p85_W2p62_t0p21_loweps_left,6,0.35,0.408,9,192,216,22378.0,0.013142713315523684,9.691152029668011e-05,0.7373783325412099
Q3p85_W2p62_t0p21_loweps_left,6,0.35,0.408,10,216,240,17372.0,0.013189569170652473,0.00010605041040890044,0.8040475699909024
Q3p85_W2p62_t0p21_loweps_left,6,0.35,0.408,11,240,264,6749.0,0.006919624995112634,8.661737267752767e-05,1.2517639718728393
Q3p85_W2p62_t0p21_loweps_left,6,0.35,0.408,12,264,288,529.0,0.0006873698165893532,3.0355385781853243e-05,4.41616507580636
Q3p85_W2p62_t0p21_loweps_left,6,0.35,0.408,13,288,312,22.0,3.491311928074245e-05,7.518511225132336e-06,21.53491690236751
Q3p85_W2p62_t0p21_loweps_left,6,0.35,0.408,14,312,336,9.0,1.659119304905232e-05,5.5761148532101085e-06,33.608884163569016
Q3p85_W2p62_t0p21_loweps_left,6,0.35,0.408,15,336,360,2.0,3.795380560996856e-06,2.6962184674927977e-06,71.03947612527784
Q3p85_W2p62_t0p21_loweps_left,7,0.408,0.5,1,0,24,2.0,3.4614439572540808e-06,2.4594878115002994e-06,71.05380996696476
Q3p85_W2p62_t0p21_loweps_left,7,0.408,0.5,2,24,48,2.0,3.4826010550546015e-06,2.4628263650737382e-06,70.71801582036576
Q3p85_W2p62_t0p21_loweps_left,7,0.408,0.5,3,48,72,11.0,1.774728854910042e-05,5.390175509693077e-06,30.37182550326143
Q3p85_W2p62_t0p21_loweps_left,7,0.408,0.5,4,72,96,331.0,0.00042658521266875006,2.3923848995997475e-05,5.60822276194902
Q3p85_W2p62_t0p21_loweps_left,7,0.408,0.5,5,96,120,3897.0,0.0036255814900172803,6.094262620152833e-05,1.6809062592946395
Q3p85_W2p62_t0p21_loweps_left,7,0.408,0.5,6,120,144,12081.0,0.0070439428940912065,7.139006697479796e-05,1.013495822555338
Q3p85_W2p62_t0p21_loweps_left,7,0.408,0.5,7,144,168,8962.0,0.00467390423431249,5.7209021758215097e-05,1.2240092841061447
Q3p85_W2p62_t0p21_loweps_left,7,0.408,0.5,8,168,192,5809.0,0.003349018567087702,5.0563441099203736e-05,1.5097987689920027
Q3p85_W2p62_t0p21_loweps_left,7,0.408,0.5,9,192,216,9489.0,0.0049375435311550435,5.858915579608003e-05,1.1866053519608002
Q3p85_W2p62_t0p21_loweps_left,7,0.408,0.5,10,216,240,12456.0,0.007263896895694297,7.225400283936559e-05,0.9947002810873379
Q3p85_W2p62_t0p21_loweps_left,7,0.408,0.5,11,240,264,3907.0,0.003606670392885872,6.046449256370142e-05,1.6764629416363395
Q3p85_W2p62_t0p21_loweps_left,7,0.408,0.5,12,264,288,308.0,0.0003859917259319636,2.2420424042409722e-05,5.808524519088172
Q3p85_W2p62_t0p21_loweps_left,7,0.408,0.5,13,288,312,20.0,3.236221611816129e-05,7.316297439261685e-06,22.60752913999566
Q3p85_W2p62_t0p21_loweps_left,7,0.408,0.5,14,312,336,7.0,1.1728413825392655e-05,4.458465669592076e-06,38.01422541843855
Q3p85_W2p62_t0p21_loweps_left,7,0.408,0.5,15,336,360,6.0,9.697783050405917e-06,3.98192673433103e-06,41.06017544045142
Q3p85_W2p62_t0p21_loweps_center,1,0.16,0.208,1,0,24,1655.0,0.0033295458851304127,8.286403786169232e-05,2.488748938158775
Q3p85_W2p62_t0p21_loweps_center,1,0.16,0.208,2,24,48,1908.0,0.0038180876613041676,8.845192073942512e-05,2.316655053153286
Q3p85_W2p62_t0p21_loweps_center,1,0.16,0.208,3,48,72,2734.0,0.005334365895545718,0.00010325095269525887,1.9355806241464442
Q3p85_W2p62_t0p21_loweps_center,1,0.16,0.208,4,72,96,3448.0,0.006516426899858328,0.00011238077691420194,1.7245766528378486
Q3p85_W2p62_t0p21_loweps_center,1,0.16,0.208,5,96,120,3707.0,0.006796634196483754,0.00011310758258772692,1.664170519081978
Q3p85_W2p62_t0p21_loweps_center,1,0.16,0.208,6,120,144,3663.0,0.006516013047597286,0.0001091787722824699,1.6755456363416656
Q3p85_W2p62_t0p21_loweps_center,1,0.16,0.208,7,144,168,3774.0,0.0065735784000950735,0.00010862069622824526,1.6523830647045192
Q3p85_W2p62_t0p21_loweps_center,1,0.16,0.208,8,168,192,3791.0,0.006548417174864538,0.00010794827507887113,1.6484636240528487
Q3p85_W2p62_t0p21_loweps_center,1,0.16,0.208,9,192,216,3872.0,0.006730024931472756,0.0001097681267349391,1.6310211010008568
Q3p85_W2p62_t0p21_loweps_center,1,0.16,0.208,10,216,240,3832.0,0.006838735956853281,0.0001120204867353447,1.6380291247110652
Q3p85_W2p62_t0p21_loweps_center,1,0.16,0.208,11,240,264,3627.0,0.006645553461166137,0.00011181909187780416,1.6826151882040925
Q3p85_W2p62_t0p21_loweps_center,1,0.16,0.208,12,264,288,3570.0,0.006753161075461899,0.00011447253651734146,1.6950956039429552
Q3p85_W2p62_t0p21_loweps_center,1,0.16,0.208,13,288,312,2733.0,0.0053819386363872426,0.00010414464426833407,1.935076768884227
Q3p85_W2p62_t0p21_loweps_center,1,0.16,0.208,14,312,336,1957.0,0.003906830526328274,8.940302491426047e-05,2.28837735119991
Q3p85_W2p62_t0p21_loweps_center,1,0.16,0.208,15,336,360,1668.0,0.0033603800697250713,8.327781343881313e-05,2.478226025356307
Q3p85_W2p62_t0p21_loweps_center,2,0.208,0.226,1,0,24,1441.0,0.0027324919200356437,7.27918371520903e-05,2.663936043812374
Q3p85_W2p62_t0p21_loweps_center,2,0.208,0.226,2,24,48,1670.0,0.003117763256737254,7.7172947879026e-05,2.4752664498262025
Q3p85_W2p62_t0p21_loweps_center,2,0.208,0.226,3,48,72,2515.0,0.004569670843437372,9.218469812658112e-05,2.0173159355442434
Q3p85_W2p62_t0p21_loweps_center,2,0.208,0.226,4,72,96,3365.0,0.005834403002625831,0.00010176135509126536,1.7441605429975724
Q3p85_W2p62_t0p21_loweps_center,2,0.208,0.226,5,96,120,3505.0,0.0057629327056992925,9.855627428983765e-05,1.7101756921848097
Q3p85_W2p62_t0p21_loweps_center,2,0.208,0.226,6,120,144,3560.0,0.005595250136766295,9.510081337130268e-05,1.6996704534511662
Q3p85_W2p62_t0p21_loweps_center,2,0.208,0.226,7,144,168,3648.0,0.005512478884342347,9.266671233054374e-05,1.6810352343254211
Q3p85_W2p62_t0p21_loweps_center,2,0.208,0.226,8,168,192,3424.0,0.005146934520811083,8.930306050796067e-05,1.7350727922974973
Q3p85_W2p62_t0p21_loweps_center,2,0.208,0.226,9,192,216,3632.0,0.00553911508606206,9.328059966599798e-05,1.6840343306951264
Q3p85_W2p62_t0p21_loweps_center,2,0.208,0.226,10,216,240,3748.0,0.0058673535060980156,9.722400682567799e-05,1.6570333920502973
Q3p85_W2p62_t0p21_loweps_center,2,0.208,0.226,11,240,264,3504.0,0.005752382112799703,9.844572373358878e-05,1.7113905474835525
Q3p85_W2p62_t0p21_loweps_center,2,0.208,0.226,12,264,288,3347.0,0.005804191764678839,0.00010151934908338832,1.7490695207760019
Q3p85_W2p62_t0p21_loweps_center,2,0.208,0.226,13,288,312,2538.0,0.004623229886002726,9.28413136305368e-05,2.0081483274630756
Q3p85_W2p62_t0p21_loweps_center,2,0.208,0.226,14,312,336,1731.0,0.003249263866901006,7.899675387086648e-05,2.4312200272675866
Q3p85_W2p62_t0p21_loweps_center,2,0.208,0.226,15,336,360,1373.0,0.0026123299273385966,7.127536483052608e-05,2.7284212489630044
Q3p85_W2p62_t0p21_loweps_center,3,0.226,0.264,1,0,24,3924.0,0.00723650328571499,0.00011677254115140328,1.6136597544550935
Q3p85_W2p62_t0p21_loweps_center,3,0.226,0.264,2,24,48,4803.0,0.008665467581441495,0.00012641651051004357,1.4588538855166344
Q3p85_W2p62_t0p21_loweps_center,3,0.226,0.264,3,48,72,7114.0,0.012291161606897059,0.00014738254533878134,1.1990937069453156
Q3p85_W2p62_t0p21_loweps_center,3,0.226,0.264,4,72,96,9775.0,0.015795990944035648,0.0001617951959255055,1.0242801258796441
Q3p85_W2p62_t0p21_loweps_center,3,0.226,0.264,5,96,120,10765.0,0.01612205863609668,0.00015767339757885904,0.9779979166297923
Q3p85_W2p62_t0p21_loweps_center,3,0.226,0.264,6,120,144,10557.0,0.014712442616474046,0.00014565114902018715,0.989986182560171
Q3p85_W2p62_t0p21_loweps_center,3,0.226,0.264,7,144,168,7747.0,0.010628420262627296,0.0001231450373168319,1.1586391417908706
Q3p85_W2p62_t0p21_loweps_center,3,0.226,0.264,8,168,192,6405.0,0.008838339477897193,0.00011265802191171461,1.2746514454830387
Q3p85_W2p62_t0p21_loweps_center,3,0.226,0.264,9,192,216,7627.0,0.010503373292153093,0.0001226358737115572,1.1675855965547428
Q3p85_W2p62_t0p21_loweps_center,3,0.226,0.264,10,216,240,10431.0,0.01454353762644536,0.00014487309979710795,0.9961338397727716
Q3p85_W2p62_t0p21_loweps_center,3,0.226,0.264,11,240,264,10897.0,0.016292548941521982,0.00015831612683758978,0.9717087694861364
Q3p85_W2p62_t0p21_loweps_center,3,0.226,0.264,12,264,288,9756.0,0.01571010087173829,0.0001610523383641314,1.0251515230806492
Q3p85_W2p62_t0p21_loweps_center,3,0.226,0.264,13,288,312,7016.0,0.012161748400620584,0.00014683099114028164,1.2073181117016794
Q3p85_W2p62_t0p21_loweps_center,3,0.226,0.264,14,312,336,4778.0,0.008644596169719928,0.00012638825709770582,1.4620492920237893
Q3p85_W2p62_t0p21_loweps_center,3,0.226,0.264,15,336,360,3847.0,0.007071134588637565,0.00011521241037015933,1.6293341461113096
Q3p85_W2p62_t0p21_loweps_center,4,0.264,0.302,1,0,24,3883.0,0.00693708286816265,0.00011241036135484937,1.620426964635962
Q3p85_W2p62_t0p21_loweps_center,4,0.264,0.302,2,24,48,5036.0,0.008783918010298885,0.00012503399418531776,1.4234421819365697
Q3p85_W2p62_t0p21_loweps_center,4,0.264,0.302,3,48,72,7842.0,0.012845538676420222,0.0001466534900759599,1.14166866622077
Q3p85_W2p62_t0p21_loweps_center,4,0.264,0.302,4,72,96,10919.0,0.016278873862173495,0.00015777046612045962,0.9691730979442252
Q3p85_W2p62_t0p21_loweps_center,4,0.264,0.302,5,96,120,11470.0,0.015359718224949281,0.0001458216463098464,0.9493770925626985
Q3p85_W2p62_t0p21_loweps_center,4,0.264,0.302,6,120,144,7228.0,0.009112520649176479,0.00010970854382296938,1.2039319091461704
Q3p85_W2p62_t0p21_loweps_center,4,0.264,0.302,7,144,168,3046.0,0.0041010794955503626,7.613746489827364e-05,1.856522532198709
Q3p85_W2p62_t0p21_loweps_center,4,0.264,0.302,8,168,192,2292.0,0.003163681619737846,6.75476063011426e-05,2.1350949438060027
Q3p85_W2p62_t0p21_loweps_center,4,0.264,0.302,9,192,216,3131.0,0.004213567289854926,7.71404448684049e-05,1.8307633309698694
Q3p85_W2p62_t0p21_loweps_center,4,0.264,0.302,10,216,240,7341.0,0.009262492651235237,0.00011061154939507379,1.1941877155532508
Q3p85_W2p62_t0p21_loweps_center,4,0.264,0.302,11,240,264,11746.0,0.01570163798702857,0.00014735663262106793,0.9384793659285873
Q3p85_W2p62_t0p21_loweps_center,4,0.264,0.302,12,264,288,11062.0,0.01647389624639631,0.00015867460141244803,0.9631880584846972
Q3p85_W2p62_t0p21_loweps_center,4,0.264,0.302,13,288,312,7702.0,0.01265236795617133,0.00014573538056641375,1.1518427307145278
Q3p85_W2p62_t0p21_loweps_center,4,0.264,0.302,14,312,336,4894.0,0.008522022974755968,0.00012302722233712668,1.4436387076350217
Q3p85_W2p62_t0p21_loweps_center,4,0.264,0.302,15,336,360,3855.0,0.00683486915829921,0.00011115962263796912,1.6263606524639034
Q3p85_W2p62_t0p21_loweps_center,5,0.302,0.35,1,0,24,2988.0,0.005283028448713133,9.753915633620627e-05,1.8462735395635688
Q3p85_W2p62_t0p21_loweps_center,5,0.302,0.35,2,24,48,4432.0,0.007606084476199687,0.00011534431528937427,1.5164742864781464
Q3p85_W2p62_t0p21_loweps_center,5,0.302,0.35,3,48,72,7964.0,0.012635521379783646,0.0001430571295808926,1.1321822446502174
Q3p85_W2p62_t0p21_loweps_center,5,0.302,0.35,4,72,96,10922.0,0.015336827534065317,0.00014888024128302998,0.9707368812249169
Q3p85_W2p62_t0p21_loweps_center,5,0.302,0.35,5,96,120,9246.0,0.011471547306478494,0.00012193528321911489,1.0629366724596305
Q3p85_W2p62_t0p21_loweps_center,5,0.302,0.35,6,120,144,2810.0,0.0036971563606910734,7.180423965475487e-05,1.9421477657313149
Q3p85_W2p62_t0p21_loweps_center,5,0.302,0.35,7,144,168,1190.0,0.0017319873333125604,5.13055661236434e-05,2.9622367979745854
Q3p85_W2p62_t0p21_loweps_center,5,0.302,0.35,8,168,192,948.0,0.0014125026834221736,4.674056876630945e-05,3.309060528866937
Q3p85_W2p62_t0p21_loweps_center,5,0.302,0.35,9,192,216,1150.0,0.0016748701344302505,5.044363442981172e-05,3.011793773907814
Q3p85_W2p62_t0p21_loweps_center,5,0.302,0.35,10,216,240,3013.0,0.003906842827012667,7.316675114280645e-05,1.8727846085058089
Q3p85_W2p62_t0p21_loweps_center,5,0.302,0.35,11,240,264,9665.0,0.011913409589327817,0.00012389147500798498,1.0399329770292505
Q3p85_W2p62_t0p21_loweps_center,5,0.302,0.35,12,264,288,10987.0,0.0153874816042513,0.0001489074054956418,0.9677178457487235
Q3p85_W2p62_t0p21_loweps_center,5,0.302,0.35,13,288,312,7841.0,0.012464042070407485,0.00014224569341805994,1.1412485020070984
Q3p85_W2p62_t0p21_loweps_center,5,0.302,0.35,14,312,336,4468.0,0.007664913864094624,0.00011575153663727316,1.5101479115048828
Q3p85_W2p62_t0p21_loweps_center,5,0.302,0.35,15,336,360,3014.0,0.005297609295405815,9.737998884774734e-05,1.8381874430074916
Q3p85_W2p62_t0p21_loweps_center,6,0.35,0.408,1,0,24,1308.0,0.002356294402822365,6.566032822690859e-05,2.7865927172878218
Q3p85_W2p62_t0p21_loweps_center,6,0.35,0.408,2,24,48,2254.0,0.003908708644139097,8.299590933668871e-05,2.123358809593974
Q3p85_W2p62_t0p21_loweps_center,6,0.35,0.408,3,48,72,5637.0,0.008809865259719106,0.00011846780089811458,1.344717511626186
Q3p85_W2p62_t0p21_loweps_center,6,0.35,0.408,4,72,96,6685.0,0.009017836936609463,0.00011203070870029407,1.2423235138072424
Q3p85_W2p62_t0p21_loweps_center,6,0.35,0.408,5,96,120,3503.0,0.004372886985746061,7.576432763794575e-05,1.7325928587889072
Q3p85_W2p62_t0p21_loweps_center,6,0.35,0.408,6,120,144,907.0,0.0012556688846417433,4.245160085280561e-05,3.380795795136513
Q3p85_W2p62_t0p21_loweps_center,6,0.35,0.408,7,144,168,407.0,0.0006004058113699141,3.0222589966560962e-05,5.033693777480881
Q3p85_W2p62_t0p21_loweps_center,6,0.35,0.408,8,168,192,319.0,0.00048121466707559386,2.730871588604397e-05,5.674955015815021
Q3p85_W2p62_t0p21_loweps_center,6,0.35,0.408,9,192,216,372.0,0.0005509481709794837,2.9018080050637023e-05,5.266934637254219
Q3p85_W2p62_t0p21_loweps_center,6,0.35,0.408,10,216,240,968.0,0.0013401494175152976,4.389155904899669e-05,3.2751242865421513
Q3p85_W2p62_t0p21_loweps_center,6,0.35,0.408,11,240,264,3827.0,0.004754716040232081,7.876847412962879e-05,1.6566388710309619
Q3p85_W2p62_t0p21_loweps_center,6,0.35,0.408,12,264,288,6864.0,0.009250822903873161,0.00011342786715661912,1.2261381320912415
Q3p85_W2p62_t0p21_loweps_center,6,0.35,0.408,13,288,312,5492.0,0.008559062110418753,0.00011665044659827102,1.3628881890724343
Q3p85_W2p62_t0p21_loweps_center,6,0.35,0.408,14,312,336,2231.0,0.003877041045546753,8.276759674606039e-05,2.134813528505944
Q3p85_W2p62_t0p21_loweps_center,6,0.35,0.408,15,336,360,1266.0,0.002290243530047294,6.488039159589014e-05,2.8329036080521246
Q3p85_W2p62_t0p21_loweps_center,7,0.408,0.5,1,0,24,463.0,0.000881413515245273,4.112799602597715e-05,4.666140842477593
Q3p85_W2p62_t0p21_loweps_center,7,0.408,0.5,2,24,48,907.0,0.0016480047749217318,5.502489378449717e-05,3.338879511869767
Q3p85_W2p62_t0p21_loweps_center,7,0.408,0.5,3,48,72,2611.0,0.004188971383466291,8.269850947229083e-05,1.9741960949816622
Q3p85_W2p62_t0p21_loweps_center,7,0.408,0.5,4,72,96,2605.0,0.0035940846057272297,7.13277671761466e-05,1.984587871484291
Q3p85_W2p62_t0p21_loweps_center,7,0.408,0.5,5,96,120,973.0,0.0012635736936638733,4.1128931014629184e-05,3.2549689203619967
Q3p85_W2p62_t0p21_loweps_center,7,0.408,0.5,6,120,144,170.0,0.00023553276779520222,1.8322972117410785e-05,7.77937281887791
Q3p85_W2p62_t0p21_loweps_center,7,0.408,0.5,7,144,168,66.0,9.947965702103426e-05,1.2391024384881562e-05,12.455837460579069
Q3p85_W2p62_t0p21_loweps_center,7,0.408,0.5,8,168,192,46.0,6.42335683428479e-05,9.566641120570303e-06,14.89352275979465
Q3p85_W2p62_t0p21_loweps_center,7,0.408,0.5,9,192,216,58.0,8.569369106843222e-05,1.1373938425799151e-05,13.272783893409715
Q3p85_W2p62_t0p21_loweps_center,7,0.408,0.5,10,216,240,148.0,0.0002038841703472486,1.6929011079836162e-05,8.303249365070002
Q3p85_W2p62_t0p21_loweps_center,7,0.408,0.5,11,240,264,1014.0,0.0013097007953644015,4.178344483119011e-05,3.190304608432691
Q3p85_W2p62_t0p21_loweps_center,7,0.408,0.5,12,264,288,2651.0,0.0036497803834576706,7.181855566938412e-05,1.9677500595623731
Q3p85_W2p62_t0p21_loweps_center,7,0.408,0.5,13,288,312,2642.0,0.004197844218368448,8.233984502815936e-05,1.9614792913911872
Q3p85_W2p62_t0p21_loweps_center,7,0.408,0.5,14,312,336,831.0,0.001504141807222252,5.245843669998874e-05,3.487599137801073
Q3p85_W2p62_t0p21_loweps_center,7,0.408,0.5,15,336,360,463.0,0.0008711976713770688,4.0678861834333715e-05,4.669303324701752
